,name,tags,url
0,薑汁雞肉燒 ,雞肉,https://icook.tw//recipes/293014
1,蝦仁肉片粥 ,高湯 高麗菜 豬肉 蝦仁,https://icook.tw//recipes/290565
2,清炒鮪魚義大利麵 ,高麗菜 洋蔥 青菜,https://icook.tw//recipes/290150
3,和風溫沙拉 ,青花菜 魚罐頭 番茄,https://icook.tw//recipes/289422
4,酸辣湯麵 ,豬肉 高湯 青江菜 辣椒,https://icook.tw//recipes/289200
5,【日式副菜】淺漬野菜 ,高麗菜 白蘿蔔 紅蘿蔔 瓜類 辣椒,https://icook.tw//recipes/288735
6,和風蛤蜊炒麵 ,青花菜 毛豆 蛤蜊 辣椒,https://icook.tw//recipes/288347
7,【日式副菜】 豆腐煮物 ,紅蘿蔔 小松菜 青菜 豆腐,https://icook.tw//recipes/288348
8,【日式副菜】 柴魚炒菇 ,菇類 高湯,https://icook.tw//recipes/287862
9,快速肉醬燉飯 ,毛豆 白飯 番茄,https://icook.tw//recipes/287356
10,蝦仁印度咖哩 ,番茄 蝦仁 洋蔥 優格 咖哩 牛奶,https://icook.tw//recipes/285900
11,鍋煮奶茶,牛奶,https://icook.tw//recipes/281782
12,露營趣_深夜食堂青蔥雞肉串&洋蔥串,雞肉 九層塔 洋蔥,https://icook.tw//recipes/282312
13,[和風] 清炒彩椒義大利麵 ,豬肉,https://icook.tw//recipes/282112
14,露營趣_寶貝培根薯泥捲,高湯 馬鈴薯 培根,https://icook.tw//recipes/280155
15,露營趣_鄉村風嫩煎雞腿排,雞肉 辣椒,https://icook.tw//recipes/280154
16,薑汁肉片燒,豬肉 洋蔥,https://icook.tw//recipes/279916
17,超神速鮮蝦燉飯,番茄 青花菜 洋蔥 高湯 玉米,https://icook.tw//recipes/279377
18,南洋風咖哩,牛奶 豬肉 鰹魚 咖哩 青菜 辣椒,https://icook.tw//recipes/279119
19,露營趣_蒜香蛤蜊豬肉麵,豬肉 洋蔥 高湯 蛤蜊 香菇 白菜,https://icook.tw//recipes/278850
20,蕎麥沾麵 ,豬肉 洋蔥 高湯,https://icook.tw//recipes/278499
21,秋刀魚生薑煮 ,秋刀魚,https://icook.tw//recipes/278392
22,焗烤蛋佐吐司鏟（⛺️露營可）,起司 吐司 高湯 牛奶,https://icook.tw//recipes/277704
23,瓜子肉 ,豬肉 瓜類,https://icook.tw//recipes/277463
24,茄汁義大利麵,豬肉 洋蔥顆 番茄,https://icook.tw//recipes/277306
25,印度肉醬咖哩 ,番茄 豬肉 洋蔥 咖哩,https://icook.tw//recipes/276771
26,重慶酸辣粉,辣椒 米粉 花生,https://icook.tw//recipes/276735
27,蔥鹽豬肉丼 ,豬肉,https://icook.tw//recipes/275784
28,蘿蔔雞肉煮 ,白蘿蔔 雞肉 高湯,https://icook.tw//recipes/275528
29,日式炒烏龍 ,高湯 高麗菜 豬肉 野菜,https://icook.tw//recipes/274762
30,豚汁烏龍麵 ,豬肉 高湯 白菜,https://icook.tw//recipes/274255
31,蘿蔔肉絲粥 ,白飯 豬肉 白蘿蔔 高湯,https://icook.tw//recipes/273270
32,雞胸肉磯邊燒 ,高湯 海苔 雞肉,https://icook.tw//recipes/272392
33,[和風] 鮭魚義大利麵 ,鮭魚 野菜,https://icook.tw//recipes/272254
34,【日式副菜】野菜油豆腐煮,毛豆 紅蘿蔔 菇類 高湯 豆腐,https://icook.tw//recipes/272115
35,櫻花蝦飯糰 ,高湯 昆布,https://icook.tw//recipes/271571
36,馬鈴薯雞翅煮 ,雞肉 馬鈴薯 紅蘿蔔 洋蔥,https://icook.tw//recipes/271416
37,糖醋蔬菜小肉球,豬肉 洋蔥 菇類 紅蘿蔔 番茄,https://icook.tw//recipes/270813
38,偽炸魚排,鯛魚 起司 咖哩,https://icook.tw//recipes/269913
39,味噌大根雞翅煮,雞肉 紅蘿蔔,https://icook.tw//recipes/269787
40,味噌照燒雞 ,雞肉,https://icook.tw//recipes/269675
41,蔬菜番茄湯 ,青花菜 高麗菜 洋蔥 豬肉 番茄 青菜,https://icook.tw//recipes/269543
42,【日式副菜】和風溫沙拉,白芝麻 小松菜 高湯 昆布,https://icook.tw//recipes/268786
43,薑味炒肉片,豬肉 菇類,https://icook.tw//recipes/268781
44,蛋花麵線湯 ,米粉,https://icook.tw//recipes/268236
45,檸檬照燒雞翅 ,雞肉 檸檬,https://icook.tw//recipes/268235
46,薑汁煮魚 ,鯛魚 高湯,https://icook.tw//recipes/268135
47,酸甜肉末炒豆芽 ,高湯 豬肉 豆芽菜,https://icook.tw//recipes/267893
48,柴魚塩昆布飯糰(露營ok),白飯 高湯 昆布,https://icook.tw//recipes/267892
49,和風野菜湯 ,高湯 高麗菜 番茄 青菜 白菜,https://icook.tw//recipes/266285
50,燒肉御飯糰 ,海苔 豬肉,https://icook.tw//recipes/266295
51,苦瓜鑲肉 ,瓜類 高湯 豬肉 洋蔥 豆漿 牛奶,https://icook.tw//recipes/266155
52,茄汁小肉丸 ,豬肉 洋蔥 高湯 番茄,https://icook.tw//recipes/265669
53,肉片拌烏龍麵 ,豬肉 高湯,https://icook.tw//recipes/265553
54,青椒雜穀飯鑲肉 ,豬肉 洋蔥 咖哩 番茄 牛奶,https://icook.tw//recipes/264541
55,茄子肉末咖哩,洋蔥 豬肉 咖裡塊 番茄 茄子,https://icook.tw//recipes/264398
56,日式味噌豚汁,豬肉 高湯 洋蔥 馬鈴薯 紅蘿蔔 菇類,https://icook.tw//recipes/264026
57,豚丼 ,豬肉 洋蔥,https://icook.tw//recipes/263630
58,【快速】蛤蜊燉飯 *,白飯 起司 高湯 豬肉 洋蔥 蛤蜊,https://icook.tw//recipes/263470
59,酒蒸蛤蜊麵線,高湯 小松菜 青江菜 菇類 蛤蜊,https://icook.tw//recipes/263303
60,鍋煎法式鹹蛋糕,起司 洋蔥 玉米粒 豬肉 鬆餅粉 牛奶,https://icook.tw//recipes/262786
61,豬肉時雨煮 ,豬肉,https://icook.tw//recipes/261748
62,[和風] 培根野菜義大利麵,毛豆 菇類 豬肉 美乃滋,https://icook.tw//recipes/261637
63,照燒高麗菜雞肉,高麗菜,https://icook.tw//recipes/261387
64,［懶人便當菜］醬燒金針菇肉捲,白芝麻 菇類 牛肉,https://icook.tw//recipes/259691
65,鑄鐵鍋超簡單露營料理-新鮮現熬果醬鬆餅,蘋果 檸檬,https://icook.tw//recipes/258977
66,鑄鐵鍋超簡單露營料理-煙燻鮭魚雞蛋沙拉,蕃茄 鮭魚 美乃滋 青菜,https://icook.tw//recipes/258974
67,鑄鐵鍋超簡單露營料理-麻油雞肉拌飯,雞肉,https://icook.tw//recipes/258971
68,鑄鐵鍋超簡單露營料理-蒸奶油鮮蝦鮭魚,鮭魚 芒果,https://icook.tw//recipes/258970
69,鑄鐵鍋超簡單露營料理-煎烤牛肉溫沙拉,青菜 牛肉,https://icook.tw//recipes/258968
70,【快速】紅醬肉丸義大利麵 ,蕃茄 豬肉 洋蔥 味增 番茄 牛奶,https://icook.tw//recipes/256614
71,脆皮煎雞排 ,白芝麻 雞肉,https://icook.tw//recipes/255831
72,和風冷麵 ,蕃茄 瓜類 紅蘿蔔 豬肉 辣椒,https://icook.tw//recipes/255045
73,露營野炊：一鍋四菜,番茄 高麗菜 洋蔥 豬肉 豆腐,https://icook.tw//recipes/254957
74,青椒雞肉 ,雞肉 糯米,https://icook.tw//recipes/254732
75,酸辣湯餃 ,水餃 紅蘿蔔 青江菜 菇類 高湯 辣椒,https://icook.tw//recipes/254365
76,蕃茄汁肉丸湯 ,高麗菜 蕃茄汁 豬肉 洋蔥 芹菜,https://icook.tw//recipes/254212
77,四季豆肉捲咖哩,毛豆 豬肉 紅蘿蔔 洋蔥 咖哩,https://icook.tw//recipes/253732
78,鯖魚南蠻淺漬,鯖魚,https://icook.tw//recipes/253100
79,青椒炒肉末,豬肉 洋蔥,https://icook.tw//recipes/252787
80,柚子胡椒煎肉餅,豬肉 美乃滋 柚子,https://icook.tw//recipes/252661
81,【日式副菜】鰹節拌南瓜,瓜類 高湯,https://icook.tw//recipes/252658
82,【日式副菜】和風醬漬小黃瓜,瓜類,https://icook.tw//recipes/252657
83,糖醋豆腐,洋蔥 番茄 豆腐,https://icook.tw//recipes/252265
84,露營早餐-自製蛋餅（玉子燒鍋）,豬肉,https://icook.tw//recipes/251184
85,香桔秋葵肉捲,白芝麻 秋葵 豬肉,https://icook.tw//recipes/251127
86,快速經典咖哩,咖哩 洋蔥 紅蘿蔔 馬鈴薯 豬肉 高湯杯,https://icook.tw//recipes/249574
87,乾煸五花肉 ,味增,https://icook.tw//recipes/248979
88,紅酒燉肉片,番茄 豬肉 馬鈴薯 紅蘿蔔 洋蔥 高湯,https://icook.tw//recipes/248617
89,起司馬鈴薯餅 ,馬鈴薯 起司,https://icook.tw//recipes/248488
90,簡單好上手－日式煎餃,水餃,https://icook.tw//recipes/248444
91,青江菜拌飯 ,青江菜 白飯 昆布,https://icook.tw//recipes/248369
92,照燒金針菇肉捲,白芝麻 火鍋肉片 菇類,https://icook.tw//recipes/276997
93,咖哩炒飯 ,白飯 豬肉 青江菜 綠葉菜 咖哩 番茄,https://icook.tw//recipes/247766
94,番茄蛋花湯 ,番茄 高湯,https://icook.tw//recipes/247561
95,韓式肉片煎餅 ,白芝麻 洋蔥 豬肉 韭菜 辣椒,https://icook.tw//recipes/247559
96,鹽麴雞肉燒 ,雞肉,https://icook.tw//recipes/247428
97,鮪魚杏鮑菇炒蛋 五分鐘露營野餐家常菜,雞蛋 菇類 杏鮑菇,https://icook.tw//recipes/247256
98,杏鮑菇培根捲,菇類 豬肉,https://icook.tw//recipes/247162
99,露營煎餃,水餃 玉米粉,https://icook.tw//recipes/246432
100,小肉丸冬粉湯 ,高湯 青江菜 旅色 米粉,https://icook.tw//recipes/246196
101,金針菇小肉丸 ,菇類 豬肉,https://icook.tw//recipes/246077
102,雞翅甘辛煮 ,雞肉,https://icook.tw//recipes/245946
103,照燒蘆筍捲 ,豬肉,https://icook.tw//recipes/245567
104,蘿蔔肉片湯,白蘿蔔 豬肉,https://icook.tw//recipes/245176
105,櫻花蝦竹輪炒飯,火鍋料 青江菜 油菜,https://icook.tw//recipes/245175
106,榨菜肉絲麵 榨菜炒肉絲 #露營 #野炊,高湯 五花肉 榨菜 辣椒,https://icook.tw//recipes/244967
107,虱目魚肚粥,豬肉 高湯 虱目魚 白飯 芹菜 韭菜,https://icook.tw//recipes/244639
108,蔥油淋雞,雞肉,https://icook.tw//recipes/243723
109,超快速肉燥,豬肉 辣椒,https://icook.tw//recipes/243242
110,壽喜燒,洋蔥 豬肉 豆皮 菇類 火鍋料 高湯,https://icook.tw//recipes/280598
111,茄汁豬肉燴飯,豬肉 洋蔥 菇類 番茄,https://icook.tw//recipes/242535
112,【日式副菜】照燒煎南瓜（露營OK）,瓜類 芝麻,https://icook.tw//recipes/242482
113,免炸～日式炸雞 ,雞肉 美乃滋,https://icook.tw//recipes/242420
114,簡易版👌泰式打拋豬,豬肉 九層塔 番茄 辣椒,https://icook.tw//recipes/265697
115,梅干菜肉丸（露營OK）,豬肉 梅干菜,https://icook.tw//recipes/241370
116,露營飯糰,海苔 白飯,https://icook.tw//recipes/271571
117,露營蜜汁排骨,白芝麻 豬肉 檸檬 水蜜桃 辣椒,https://icook.tw//recipes/238658
118,露營炸豬排,豬肉,https://icook.tw//recipes/237874
119,露營蕃茄義大利麵,蕃茄 豬肉 洋蔥 番茄,https://icook.tw//recipes/237841
120,柚子胡椒燒肉丼 ,豬肉 柚子,https://icook.tw//recipes/236946
121,かにの栗子牛肉燉飯,洋蔥 堅果 菇類 高湯 花椰菜 牛肉,https://icook.tw//recipes/230379
122,塩豚什錦味增麵（露營OK）,豬肉 白蘿蔔 紅蘿蔔 高麗菜 青江菜 食材,https://icook.tw//recipes/236686
123,鍋燒烏龍麵,高湯 水菜 紅蘿蔔 菇類 火鍋料 豬肉,https://icook.tw//recipes/236026
124,【日式副菜】菇菇煮,菇類,https://icook.tw//recipes/235874
125,輕辣照燒口袋三明治,番茄 吐司 雞肉 豬肉 洋蔥 起司,https://icook.tw//recipes/235733
126,10分鐘！酥香培根馬鈴薯餅,馬鈴薯 培根,https://icook.tw//recipes/234734
127,紙煎戚風蛋糕,鬆餅粉 起司 牛奶,https://icook.tw//recipes/235533
128,清雞湯麵線,雞肉 白蘿蔔 米粉,https://icook.tw//recipes/235264
129,雞翅湯咖哩,番茄 磨菇 雞肉 高湯 瓜類 咖哩,https://icook.tw//recipes/235012
130,偽炸春捲,餅皮 豬肉 菇類 洋蔥 米粉,https://icook.tw//recipes/234876
131,香酥煎魚,吳郭魚,https://icook.tw//recipes/234206
132,香蒜抹醬,乳酪,https://icook.tw//recipes/234200
133,快速豆腐春雨煲,豬肉 味增 米粉 豆腐,https://icook.tw//recipes/233955
134,油蔥雞,雞肉,https://icook.tw//recipes/243723
135,照燒雞肉（露營OK）,雞肉,https://icook.tw//recipes/261387
136,蔬菜肉片濃湯（露營OK),牛奶 高麗菜 洋蔥 豬肉 高湯,https://icook.tw//recipes/231719
137,蕃茄雞蛋麵,蕃茄 番茄 辣椒,https://icook.tw//recipes/278371
138,花瓜雞湯（露營ok）,瓜類 雞肉 菇類,https://icook.tw//recipes/230381
139,簡易白菜滷（露營OK）,蝦皮 紅蘿蔔 高湯 菇類 白菜,https://icook.tw//recipes/229899
140,白醬培根蘑菇義大利麵,牛奶 菇類 豬肉,https://icook.tw//recipes/229578
141,南瓜沙拉（露營OK）,瓜類 洋蔥 堅果 美乃滋 優格,https://icook.tw//recipes/229062
142,鍋燒意麵,高湯 菇類 豬肉 蛤蜊 白菜,https://icook.tw//recipes/228874
143,快速版湯咖哩,番茄 青花菜 毛豆 豬肉 洋蔥 味增,https://icook.tw//recipes/228741
144,高麗菜煎餅【減肥料理】,高麗菜,https://icook.tw/recipes/228617
145,南瓜肉末（露營OK）,白芝麻 豬肉 瓜類 美乃滋,https://icook.tw//recipes/228462
146,泰式打拋豬,蕃茄 豬肉 九層塔 檸檬 辣椒,https://icook.tw//recipes/294279
147,【日式副菜】紫薯沙拉,紫薯 美乃滋,https://icook.tw//recipes/227011
148,咖哩照燒野菜肉捲 ,豬肉 瓜類 咖哩,https://icook.tw//recipes/203839
149,塩麴雞翅蘿蔔湯,雞肉 白蘿蔔 紅蘿蔔 青蔥,https://icook.tw//recipes/226191
150,香菇鑲肉,豬肉 菇類,https://icook.tw//recipes/225638
151,味增豆瓣醬蒸魚（露營OK）,吳郭魚 味增,https://icook.tw//recipes/220870
152,露營簡單料理。金沙茭白筍,紅蘿蔔,https://icook.tw//recipes/220965
153,蝦仁蛋炒麵 ,蝦仁 紅蘿蔔 韭菜,https://icook.tw//recipes/220814
154,鮭魚蛋炒飯,鮭魚,https://icook.tw//recipes/294187
155,露營簡單料理。日式炸雞歐姆蛋飯,雞肉 紅蘿蔔 花椰菜 牛奶,https://icook.tw//recipes/220268
156,【小磨坊】檸香白胡椒鹽焗五花~露營料理,豬肉 檸檬,https://icook.tw//recipes/219888
157,露營簡單料理。美式鬆餅,鬆餅粉 牛奶,https://icook.tw//recipes/219786
158,露營簡單料理。肉燥香煎豆腐,豆腐,https://icook.tw//recipes/219741
159,露營簡單料理。肉燥,豬肉,https://icook.tw//recipes/219741
160,露營簡單料理。青椒肉絲,豬肉,https://icook.tw//recipes/219682
161,露營簡單料理。韭菜甜不辣,火鍋料 韭菜,https://icook.tw//recipes/219678
162,雞蛋沙拉（露營OK）,美乃滋,https://icook.tw//recipes/219052
163,露營簡單料理。芹菜豆皮,豆皮 芹菜,https://icook.tw//recipes/219634
164,露營簡單料理。牛排,馬鈴薯 花椰菜 牛排,https://icook.tw//recipes/219600
165,親子丼（露營OK）,雞肉 洋蔥 高湯,https://icook.tw//recipes/219214
166,壽司醋飯 ,白飯,https://icook.tw//recipes/218208
167,關東煮（露營OK）,火鍋料 白蘿蔔 豬肉 菇類 柴魚 昆布,https://icook.tw//recipes/218879
168,清炒野菜義大利麵（露營OK）,青花菜 紅椒 番茄 茄子 辣椒,https://icook.tw//recipes/218065
169,夏日涼麵（露營OK）,瓜類 番茄 芝麻 花生,https://icook.tw//recipes/217909
170,肉片湯咖哩 ,咖哩 青花菜 秋葵 豬肉 洋蔥 高湯,https://icook.tw//recipes/216992
171,露營料理-好好食炒麵（小磨坊鮮磨白胡椒,豬肉 高麗菜,https://icook.tw//recipes/215768
172,露營料理-煎豬排（小磨坊鮮磨黑胡椒）,豬肉,https://icook.tw//recipes/215763
173,露營料理-香料餐包（小磨坊百搭香草）,堅果 牛奶,https://icook.tw//recipes/215504
174,露營料理-煎雞肉菜飯（小磨坊鮮磨黑胡椒）,高麗菜 白飯 雞肉,https://icook.tw//recipes/215493
175,夏日營養飲品─冬瓜木耳露,木耳,https://icook.tw//recipes/214555
176,醬油蛋炒飯,白飯,https://icook.tw//recipes/277568
177,黑胡椒鐵板牛柳😋一鍋到底快速料理,甜椒 洋蔥 花椰菜 牛肉 玉米,https://icook.tw//recipes/211534
178,奶油啤酒蝦,白蝦,https://icook.tw//recipes/250267
179,薑燒豬肉丼飯作法~ 一鍋到底超簡單!!,白芝麻 豬肉 洋蔥,https://icook.tw//recipes/210246
180,鹽麴雞肉蔬菜湯 ,青花菜 雞肉 白蘿蔔 紅蘿蔔,https://icook.tw//recipes/202607
181,胡麻醬炒麵 ,豬肉 高麗菜 紅蘿蔔 檸檬 芝麻,https://icook.tw//recipes/202142
182,培根蘆筍捲,豬肉 芝麻,https://icook.tw//recipes/227012
183,雞肉炒麵 ,雞肉 小松菜,https://icook.tw//recipes/205321
184,自製巧克力淋醬 (露營oK),可可 牛奶,https://icook.tw//recipes/205315
185,【日式副菜】毛豆涼拌油豆腐 ,毛豆 昆布 豆腐,https://icook.tw//recipes/205701
186,美味鐵板豆腐,洋蔥 甜豆 菇類 豆腐,https://icook.tw//recipes/205724
187,簡易鬆餅 （平底鍋製作）,鬆餅粉 牛奶,https://icook.tw//recipes/205601
188,家常炒米粉 [一鍋到底］,高麗菜 紅蘿蔔 菇類 豬肉 米粉,https://icook.tw//recipes/205286
189,平底鍋Pizza，（不好看好吃）,甜椒 蕃茄 洋蔥 菇類 起司 香腸,https://icook.tw//recipes/203031
190,【日式副菜】肉末大根燒 ,白蘿蔔 豬肉,https://icook.tw//recipes/202141
191,蝦仁蛋炒飯,白飯 蝦仁,https://icook.tw//recipes/294675
192,絲瓜蛤蜊麵線 (露營OK ),瓜類 蛤蜊,https://icook.tw//recipes/200149
193,麻油肉絲蛋炒飯,豬肉,https://icook.tw//recipes/275576
194,15分鐘肉醬烏龍麵 一鍋到底,番茄 洋蔥 牛肉 辣椒,https://icook.tw//recipes/199878
195,三明治野餐盒,吐司 豬肉 起司 瓜類 青菜,https://icook.tw//recipes/199146
196,《泰式檸檬打拋豬》超級簡單好吃又下飯,豬肉 九層塔 檸檬 番茄 辣椒,https://icook.tw//recipes/198779
197,家常滷肉燥 ,豬肉 洋蔥,https://icook.tw//recipes/198481
198,大滷麵 (露營ok),洋蔥 菇類 紅蘿蔔 高湯 青菜 白菜,https://icook.tw//recipes/198482
199,蘋果雞肉咖哩(飯),雞肉 蘋果 馬鈴薯 洋蔥 紅蘿蔔 咖哩粉,https://icook.tw//recipes/198656
200,花樣壽司（露營ok）,海苔 白飯,https://icook.tw//recipes/196732
201,低熱量版打拋肉,豬肉 九層塔 檸檬 番茄 辣椒,https://icook.tw//recipes/193639
202,[一鍋到底]台灣道地傳統美食-炒米粉,菇類 豬肉 紅蘿蔔 米粉 白菜,https://icook.tw//recipes/196221
203,偽香菇油飯 ,豬肉 菇類,https://icook.tw//recipes/195918
204,蛋香馬鈴薯餅,馬鈴薯,https://icook.tw//recipes/248958
205,地中海風煮鱈魚（一鍋到底）,鱈魚 洋蔥 馬鈴薯 檸檬 九層塔 蛤蜊,https://icook.tw//recipes/195105
206,平底鍋pizza,番茄 洋蔥 豬肉 起司 咖哩,https://icook.tw//recipes/203031
207,【日式副菜】塩昆布高麗菜（露營ok）,高麗菜 昆布,https://icook.tw//recipes/195118
208,簡易蘋果餡 （露營ok）,蘋果,https://icook.tw//recipes/195112
209,雞肉番茄義大利麵,毛豆 洋蔥 雞肉 番茄,https://icook.tw//recipes/294366
210,蒜辣啤酒蝦,辣椒,https://icook.tw//recipes/194148
211,餐桌上的人妻料理*五花肉捲上小番茄。,番茄 豬肉,https://icook.tw//recipes/193395
212,香煎馬鈴薯（露營ok）,馬鈴薯,https://icook.tw//recipes/193001
213,平底鍋麵包,牛奶,https://icook.tw//recipes/226507
214,【日式副菜】塩昆布毛豆（露營ok）,毛豆 昆布,https://icook.tw//recipes/191245
215,日式炒麵（露營OK）,海苔 高麗菜 豬肉,https://icook.tw//recipes/184502
216,蒜炒豆芽(鐵板燒口味）,豆芽菜 韭菜,https://icook.tw//recipes/190200
217,義式蕃茄牛肉蔬菜湯(一鍋到底真方便!),蕃茄 洋蔥 菇類 高麗菜 番茄 牛肉,https://icook.tw//recipes/189833
218,一鍋到底鐵板豆腐,洋蔥 豆腐,https://icook.tw//recipes/188527
219,蒜炒蛤蜊,蛤蜊 辣椒,https://icook.tw//recipes/277389
220,塔香高麗菜煎餅,高麗菜 九層塔,https://icook.tw//recipes/187677
221,櫻花蝦炒飯 （露營ok）,白飯,https://icook.tw//recipes/245175
222,日式昆布烏龍麵 ,高湯 白蘿蔔 紅蘿蔔 高麗菜 火鍋料 豬肉,https://icook.tw//recipes/183237
223,高麗菜飯 {露營ok},白飯 高麗菜 紅蘿蔔,https://icook.tw//recipes/186590
224,蒜苗炒鹹豬肉,豬肉 辣椒,https://icook.tw//recipes/293635
225,美式漢堡 ,青菜 豬肉 洋蔥 味增 洋蔥絲 起司,https://icook.tw//recipes/184608
226,清爽版糖醋魚 ,洋蔥 番茄,https://icook.tw//recipes/184460
227,免機器～熱壓起司三明治(露營ok),吐司 起司,https://icook.tw//recipes/184226
228,豬肉壽喜燒 (露營ok),菇類 紅蘿蔔 萵苣 豬肉 米粉 豆腐,https://icook.tw//recipes/184223
229,皮蛋肉片粥（露營ok）,高湯 白飯 豬肉,https://icook.tw//recipes/184039
230,味增魚片湯（露營ok）,高湯 洋蔥 白蘿蔔 海帶 番茄,https://icook.tw//recipes/183940
231,蕃茄肉片湯 ,番茄 高湯 高麗菜 洋蔥 豬肉,https://icook.tw//recipes/183570
232,菠菜烘蛋（露營OK）,洋蔥 菠菜,https://icook.tw//recipes/183093
233,和風蛤蜊煮魚（露營ok）,洋蔥 蛤蜊 番茄,https://icook.tw//recipes/182990
234,東京風雞肉雜煮湯（露營ok）,雞肉 白蘿蔔 紅蘿蔔 高湯 菠菜,https://icook.tw//recipes/182729
235,日式醬油蕎麥麵（露營ok）,豬肉 高湯,https://icook.tw//recipes/182718
236,牛肉大根煮（露營ok）,白蘿蔔 紅蘿蔔 牛肉,https://icook.tw//recipes/182368
237,滷小雞腿（露營ok）,雞肉,https://icook.tw//recipes/182367
238,塩麴肉片野菇湯,豬肉 菇類,https://icook.tw//recipes/182363
239,味增煮肉絲（露營OK）,豬肉 味增,https://icook.tw//recipes/182286
240,白醬蘑菇雞肉義大利麵 ,雞肉 高湯 菇類 牛奶,https://icook.tw//recipes/182284
241,週末配小酒的「零嘴」鐵盤蜜汁魷魚,白芝麻 魷魚,https://icook.tw//recipes/181495
242,蘿蔔排骨湯,豬肉 火鍋料 玉米,https://icook.tw//recipes/294768
243,用現煮的米飯炒出粒粒分明的櫻花蝦鮭魚炒飯,鮭魚 洋蔥 白飯,https://icook.tw//recipes/181102
244,塩麴義大利冷麵 {露營OK},毛豆 檸檬 番茄,https://icook.tw//recipes/179427
245,醬油風味什錦飯丸,菇類 毛豆 紅蘿蔔 花椰菜 番茄 香菇,https://icook.tw//recipes/180940
246,咖哩飯【鑄鐵鍋】,馬鈴薯 紅蘿蔔 洋蔥 梅花豬 咖哩,https://icook.tw//recipes/245129
247,十分鐘早餐─麻油煎麵線,米粉,https://icook.tw//recipes/180160
248,蝦仁滑蛋燴飯 {露營OK},蝦仁,https://icook.tw//recipes/177795
249,簡易紅酒燉牛肉(一鍋到底),蕃茄 洋蔥 紅蘿蔔 菇類 牛肉,https://icook.tw//recipes/177296
250,巫婆手指三明治~野餐露營派對,吐司 豬肉 起司 萵苣,https://icook.tw//recipes/173354
251,蘑菇濃湯 {露營OK},牛奶 菇類 高湯,https://icook.tw//recipes/174190
252,快速馬鈴薯濃湯 （露營OK）,馬鈴薯 洋蔥 高湯 起司 牛奶,https://icook.tw//recipes/173501
253,起司薯泥球（露營OK）,馬鈴薯 起司,https://icook.tw//recipes/173498
254,蒜味香腸糙米飯(一鍋到底）,香腸,https://icook.tw//recipes/173327
255,下酒良伴簡單做－啤酒豬五花,豬肉 洋蔥,https://icook.tw//recipes/170746
256,【日式副菜】梅醋漬彩椒 {露營ok},椒顆 梅子,https://icook.tw//recipes/169731
257,豆腐燴飯 {露營ok},高湯 番茄 青菜 豆腐,https://icook.tw//recipes/169728
258,青椒佃煮 {露營OK},高湯,https://icook.tw//recipes/168965
259,和風味增肉醬 {露營ok},豬肉 味增,https://icook.tw//recipes/168834
260,露營♥料理-泰式海鮮涼拌【健康廚房】,檸檬 西洋梨 百香果 蟹肉 鯛魚 甜辣,https://icook.tw//recipes/168677
261,深夜食堂－10分鐘酒蒸蛤蠣,檸檬 蛤蜊 辣椒,https://icook.tw//recipes/166152
262,番茄羅勒 Checca 醬 {露營OK},番茄,https://icook.tw//recipes/166127
263,韓式烤肉壽司 Kimbap,海苔 白芝麻 水梨 瓜類 牛肉,https://icook.tw//recipes/166213
264,蕃茄蔬菜湯 {露營OK},毛豆 洋蔥 紅蘿蔔 高湯 番茄 玉米,https://icook.tw//recipes/269543
265,香蕉鬆餅,牛奶 香蕉,https://icook.tw//recipes/294521
266,零失敗咖哩雞肉,雞肉 馬鈴薯 紅蘿蔔 洋蔥 咖哩,https://icook.tw//recipes/163535
267,日式拿坡里義大利麵 {露營OK},番茄 洋蔥 豬肉,https://icook.tw//recipes/155552
268,焦糖香蕉  {露營OK},香蕉,https://icook.tw//recipes/154566
269,啤酒蝦,辣椒,https://icook.tw//recipes/292881
270,燒烤蔬菜佐巴塞米醋沙拉,瓜類 洋蔥 檸檬 茄子,https://icook.tw//recipes/158921
271,【一鍋】茄汁蝦仁義大利麵 {露營OK},蕃茄 蝦仁 洋蔥 高湯 番茄,https://icook.tw//recipes/152384
272,和風味噌小肉丸 {露營OK},豬肉 洋蔥 高湯,https://icook.tw//recipes/157943
273,青醬燉飯 {露營OK},洋蔥 高湯 起司,https://icook.tw//recipes/156721
274,《無糖》涼拌麻油香辣雞胗~下酒菜,雞肉 芝麻 辣椒,https://icook.tw//recipes/157460
275,絲瓜蛤蜊,瓜類 蛤蜊,https://icook.tw//recipes/291040
276,韭菜煎肉餅 {露營OK},韭菜,https://icook.tw//recipes/157113
277,超簡易酸辣湯 {露營OK},豬肉 菇類 紅蘿蔔,https://icook.tw//recipes/156352
278,微辣麻婆豆腐 {露營OK},豬肉 豆腐,https://icook.tw//recipes/155553
279,清爽版奶香燉菜 {露營OK},青花菜 雞肉 馬鈴薯 紅蘿蔔 洋蔥 牛奶,https://icook.tw//recipes/156230
280,野餐露營的快速御飯糰 超夯簡易手作御飯糰,海苔 白飯 鰻魚 豬肉 青菜,https://icook.tw//recipes/156051
281,日式酒蒸蛤蜊 {露營OK},蛤蜊 辣椒,https://icook.tw//recipes/155959
282,天津飯 {露營OK},鴻喜菇 菇類,https://icook.tw//recipes/155958
283,簡單版玉米濃湯 {露營oK},起司 牛奶 高湯 玉米,https://icook.tw//recipes/154562
284,《露營料理》咖哩鮪魚Pizza~不用烤箱,餅皮 起司 魚罐頭 洋蔥 檸檬 咖哩,https://icook.tw//recipes/153856
285,天然自製清涼『黑糖冬瓜露』~全營養萃取鍋,瓜類 果汁,https://icook.tw//recipes/154046
286,《露營料理》平底鍋鹹派~無派皮~無烤箱,馬鈴薯 起司 洋蔥 堅果 菇類 松子,https://icook.tw//recipes/153311
287,日式漢堡排 {露營ok},豬肉 洋蔥 牛奶,https://icook.tw//recipes/153137
288,棒形飯糰 {露營OK},白飯 瓜類 起司 咖哩,https://icook.tw//recipes/152083
289,涼拌酪梨小菜{露營OK},海苔 白芝麻,https://icook.tw//recipes/151899
290,嫩嫩蛋包飯 {露營OK},番茄 白飯 洋蔥 豬肉 雞肉 青菜,https://icook.tw//recipes/151897
291,日式炸豬排（自製麵包粉）{露營OK},吐司 豬肉,https://icook.tw//recipes/151705
292,清爽海鮮濃湯 {露營可},洋蔥 馬鈴薯 高湯 鮮奶 蛤蜊 青菜,https://icook.tw//recipes/147399
293,海鮮粥 {露營OK},蛤蜊,https://icook.tw//recipes/150195
294,日式咖哩飯 【新手料理】,馬鈴薯 紅蘿蔔 洋蔥 咖哩,https://icook.tw//recipes/97801
295,橄欖油醋醬 {露營OK},帕馬森起 司粉,https://icook.tw//recipes/149703
296,香料橄欖油沾醬 {露營OK},辣椒,https://icook.tw//recipes/149702
297,法式可麗餅 {露營OK},牛奶,https://icook.tw//recipes/148323
298,雞肉青花菜濃湯 {露營OK},雞肉 洋蔥 紅蘿蔔 牛奶,https://icook.tw//recipes/139679
299,馬鈴薯燉肉 {露營ok},馬鈴薯 洋蔥,https://icook.tw//recipes/147706
300,悶燒鍋麻油雞 {露營OK},雞肉,https://icook.tw//recipes/146451
301,塔塔黃金魚排堡 {露營OK},吳郭魚 瓜類 美乃滋 檸檬 洋蔥 番茄,https://icook.tw//recipes/146957
302,蛤蜊巧達濃湯{露營ok},牛奶 洋蔥 馬鈴薯 起司 蛤蜊,https://icook.tw//recipes/145650
303,鐵板奶油黑胡椒牛柳,洋蔥 牛排,https://icook.tw//recipes/143539
304,【一鍋】蕃茄肉醬麵 {露營OK},蕃茄 洋蔥 豬肉 義大利麵 高湯 番茄,https://icook.tw//recipes/143366
305,椰汁綠咖哩雞,毛豆 雞肉 九層塔 咖哩 辣椒,https://icook.tw//recipes/254294
306,豆漿玉米濃湯 {露營OK},豆漿 洋蔥 高湯 起司 玉米,https://icook.tw//recipes/141311
307,熱呼呼的手煮焦糖奶茶,牛奶,https://icook.tw//recipes/141058
308,撒野✿露營食堂-偷懶的海鮮白醬義大利麵,蟹肉 高湯 菇類 青菜 牛奶,https://icook.tw//recipes/140106
309,撒野✿露營食堂-偷懶的橄欖油蒜炒蝦仁時蔬,蟹肉 青菜,https://icook.tw//recipes/140104
310,露營早午餐/下午茶 - 菇菇蛋左香濃起司,吐司 菇類 起司,https://icook.tw//recipes/140100
311,【一鍋】蛤蜊義大利麵 {露營OK},蕃茄 洋蔥 蛤蜊 番茄,https://icook.tw//recipes/139677
312,洋蔥蛤蜊濃湯～有殼版 {露營OK},牛奶 洋蔥 起司 蛤蜊,https://icook.tw//recipes/138469
313,獵人燉肉香料嫩雞,雞肉 洋蔥 菇類 番茄 芹菜,https://icook.tw//recipes/139215
314,和風味噌麻婆豆腐 {露營OK},豬肉 味增 豆腐,https://icook.tw//recipes/137844
315,寶螺一鍋煮--三杯雞佐青醬燉飯,雞肉 洋蔥 瓜類 菇類,https://icook.tw//recipes/130254
316,一鍋到底義大利麵作法- 蕃茄海鮮義大利麵,番茄 洋蔥 高湯 蛤蜊,https://icook.tw//recipes/129832
317,【萬聖節】巫婆起司掃帚 {露營OK},起司 餅乾,https://icook.tw//recipes/129632
318,打拋豬肉,豬肉 九層塔 檸檬 番茄 辣椒,https://icook.tw//recipes/294279
319,泡菜炒飯,海苔 白飯 豬肉 泡菜,https://icook.tw//recipes/294151
320,柴魚御飯糰 {露營OK},高湯,https://icook.tw//recipes/107716
321,打拋豬 {露營ok},豬肉 九層塔 檸檬 番茄 辣椒,https://icook.tw//recipes/127870
322,燒酒雞飯(露營),雞肉,https://icook.tw//recipes/127547
323,麻油香菇糙米炊飯 {露營OK},菇類 高湯,https://icook.tw//recipes/126583
324,日式煎餃 {露營OK},水餃,https://icook.tw//recipes/125951
325,簡易版【馬鈴薯蛋沙拉】,馬鈴薯 瓜類 檸檬,https://icook.tw//recipes/125170
326,一鍋到底～西班牙風雞肉馬鈴薯大盤烤,迷迭香 辣椒 雞肉 馬鈴薯 洋蔥 紅蘿蔔,https://icook.tw//recipes/125456
327,日式可麗餅 {露營OK},牛奶,https://icook.tw//recipes/125205
328,白醬蝦仁筆管麵 {露營OK},蝦仁 洋蔥 高湯 起司 牛奶,https://icook.tw//recipes/123745
329,彩椒炒肉片 {露營ＯＫ},豬肉 洋蔥,https://icook.tw//recipes/123628
330,料理甜甜圈【露營去】卡哩打拋豬,豬肉 洋蔥 九層塔 檸檬 餅乾 高湯,https://icook.tw//recipes/123208
331,料理甜甜圈【露營去】芝麻花生炸雞丁,白芝麻 雞肉 花生,https://icook.tw//recipes/123200
332,料理甜甜圈【露營去】味噌酪梨口袋壽司,海苔 白芝麻 美乃滋 瓜類 白飯 番茄,https://icook.tw//recipes/123196
333,料理甜甜圈【露營去】義大利白豆管麵湯,毛豆 豬肉 紅蘿蔔 高湯 帕瑪森 起司,https://icook.tw//recipes/123192
334,蕃茄蔬菜肉丸湯 (茄泥版),番茄 豬肉 洋蔥 高麗菜,https://icook.tw//recipes/122604
335,日式餃子 煎法教學,水餃,https://icook.tw//recipes/122332
336,帕尼尼三明治 {露營OK},吐司 蕃茄 起司 豬肉 青菜,https://icook.tw//recipes/109838
337,萬用和風醬 {露營OK},白芝麻,https://icook.tw//recipes/122093
338,黃金玉子燒 {露營OK},高湯 美乃滋 牛奶,https://icook.tw//recipes/122000
339,蛋香鮭魚炒飯,鮭魚 洋蔥 白飯 辣椒,https://icook.tw//recipes/219121
340,宵夜文-酒蒸蛤蠣,檸檬 九層塔 蛤蜊 辣椒,https://icook.tw//recipes/120941
341,酒蒸蛤蠣,味琳 蛤蜊,https://icook.tw//recipes/285843
342,香嫩煎干貝 (露營 OK),干貝 檸檬 香菜,https://icook.tw//recipes/119673
343,青醬蛤蜊燉飯 { 露營ＯＫ},洋蔥 高湯 起司 蛤蜊,https://icook.tw//recipes/119669
344,啤酒蝦,辣椒,https://icook.tw//recipes/292881
345,巧克力香蕉捲 {露營ok},吐司 巧克力 香蕉,https://icook.tw//recipes/117805
346,自製巧克力醬 {露營ok},可可,https://icook.tw//recipes/205315
347,卡布里沙拉麵 {露營ok},起司 番茄,https://icook.tw/recipes/114430
348,厚鬆餅 {露營OK},餅粉 包裝 牛奶 鬆餅粉 雞蛋,https://icook.tw//recipes/117506
349,香Q蛋餅,牛奶,https://icook.tw//recipes/172307
350,酒蒸蛤蠣,蛤蜊,https://icook.tw//recipes/285843
351,泰式打拋豬,豬肉 九層塔 檸檬 番茄 辣椒,https://icook.tw//recipes/294279
352,【一鍋】雞肉義大利麵{露營OK},雞肉 高湯 義大利麵 檸檬,https://icook.tw//recipes/113983
353,海苔包飯,海苔 瓜類 青江菜 雞肉 鮭魚 白飯,https://icook.tw//recipes/176089
354,馬鈴薯濃湯 {露營OK},馬鈴薯 洋蔥 牛奶,https://icook.tw//recipes/173501
355,壽喜燒Sukiyaki,菇類 青菜 豬肉 洋蔥 高麗菜 高湯,https://icook.tw//recipes/127205
356,長棍麵包片,蘋果 奇異果 乳酪 草莓 香蕉,https://icook.tw//recipes/112172
357,茄汁雞肉燴飯 {露營OK},番茄 雞肉 洋蔥,https://icook.tw//recipes/104661
358,青醬冷麵 {露營OK},義大利麵 瓜類 番茄,https://icook.tw//recipes/111494
359,香蕉法式吐司 {露營ok},吐司 牛奶 香蕉,https://icook.tw//recipes/111356
360,蕃茄雞湯煨麵 {露營ok},高湯 洋蔥 高麗菜 豬肉 菇類 番茄,https://icook.tw//recipes/105930
361,菇菇蛤蠣湯,菇類 青蔥根 蛤蜊,https://icook.tw//recipes/275914
362,油醋芥末蝴蝶麵 {露營ok},洋蔥 醬汁 起司 番茄,https://icook.tw//recipes/110712
363,皮超脆日式煎餃(使用冷凍水餃),水餃,https://icook.tw//recipes/110616
364,三步驟完成的輕料理 - 焗烤乳酪蛋吐司,吐司 起司,https://icook.tw//recipes/110044
365,鮭魚飯糰 {露營ＯＫ},白飯 鮭魚 糙米,https://icook.tw//recipes/109032
366,超快速簡單＊蔬菜咖哩濃湯麵,毛豆 菇類 紅蘿蔔 洋蔥 咖哩 番茄,https://icook.tw//recipes/108610
367,簡單又下飯♥咖哩風味雞腿肉,雞肉 咖哩,https://icook.tw//recipes/108078
368,豆漿肉片菇菇湯 {露營OK},食材 糖豆 洋蔥 豬肉 菇類 高湯,https://icook.tw//recipes/107715
369,清涼夏日番茄冷麵,瓜類 檸檬 番茄,https://icook.tw//recipes/107580
370,三種食材→煎出Q彈好吃的【地瓜餅】,地瓜,https://icook.tw//recipes/106940
371,迷迭香無油雞腿排 {露營OK},雞肉,https://icook.tw//recipes/106810
372,香腸炒飯,白飯 蔥花洋 香腸,https://icook.tw//recipes/290093
373,(超快速)鹹蛋苦瓜,瓜類 辣椒,https://icook.tw//recipes/105705
374,【一鍋】完成義大利麵 {露營ok},青花菜 洋蔥 菇類 蝦仁 番茄,https://icook.tw//recipes/104655
375,泰式綠咖哩 {露營OK},雞肉 九層塔 咖哩 番茄 青菜 牛奶,https://icook.tw//recipes/104321
376,咖哩雞肉,雞肉 馬鈴薯 紅蘿蔔 洋蔥 咖哩,https://icook.tw//recipes/294615
377,【鑄鐵鍋】簡易海鮮燉飯 {露營OK},蕃茄 洋蔥 高湯 蝦仁 蛤蜊,https://icook.tw//recipes/104266
378,奶油鮭魚鮮菇燉飯~30分就開飯!,鮭魚 好菇 高湯,https://icook.tw//recipes/104102
379,5分鐘酒蒸蛤蜊,蛤蜊 辣椒,https://icook.tw//recipes/101777
380,10分鐘早餐~麻油雞蛋麵線~,高湯 米粉,https://icook.tw//recipes/103192
381,好吃炒飯小秘訣分享【洋蔥香腸蛋炒飯】,洋蔥 飯碗 香腸,https://icook.tw//recipes/102783
382,(超簡單+零失敗) 和風蔥肉捲,豬肉,https://icook.tw//recipes/101928
383,蘑菇濃湯（起司版） {露營OK},青花菜 磨菇 洋蔥 起司 牛奶,https://icook.tw//recipes/101892
384,培根清炒義大利麵 {露營OK},毛豆 豬肉 洋蔥 番茄,https://icook.tw//recipes/101886
385,法式吐司 {露營OK},吐司 牛奶,https://icook.tw//recipes/111356
386,番茄蔬菜小熱狗湯 {露營ok},番茄 洋蔥 高麗菜 馬鈴薯 紅蘿蔔 豬肉,https://icook.tw//recipes/101173
387,【情人節】巧克力鍋 {露營ok},牛奶,https://icook.tw//recipes/101051
388,自製白醬蛤蜊麵 {露營ok},洋蔥 蛤蜊 牛奶,https://icook.tw//recipes/100857
389,(超快速+超簡單) 薑汁燒肉,豬肉,https://icook.tw//recipes/100350
390,核桃燕麥奶 {露營ok},牛奶 燕麥片 堅果,https://icook.tw//recipes/99245
391,薑汁豬肉燒 {露營ok},豬肉 洋蔥,https://icook.tw//recipes/98879
392,【日式副菜】香菇醬煮 (露營ok),各種菇類,https://icook.tw//recipes/98824
393,小卷番茄義大利麵{露營ok},番茄 蕃茄 洋蔥,https://icook.tw//recipes/98820
394,麻油肉片湯 {露營ok},豬肉 米粉 白菜,https://icook.tw//recipes/98801
395,全馬鈴薯煎餅 {露營ok},馬鈴薯,https://icook.tw//recipes/98743
396,自製鬆餅粉 {露營ok},牛奶,https://icook.tw//recipes/98719
397,奶香高麗菜湯 {露營ok},洋蔥 高麗菜 起司 牛奶,https://icook.tw//recipes/98699
398,蕃茄燉牛肉     {露營OK},白蘿蔔 番茄 牛肉,https://icook.tw//recipes/98607
399,玉米濃湯 {露營ok},洋蔥 起司 優格 牛奶 玉米,https://icook.tw//recipes/154562
400,(超快速+零失敗)親子丼,雞肉 洋蔥,https://icook.tw//recipes/98253
401,婆婆也誇獎。超簡單的豆干炒肉絲 !,豬肉 絲絲 辣椒,https://icook.tw//recipes/98257
402,香蔥吐司捲~10分鐘早餐,吐司 起司 火腿 牛奶,https://icook.tw//recipes/97346
403,[留學生簡易食譜] 啤酒蝦,辣椒,https://icook.tw//recipes/96462
404,酒蒸蛤蜊(電鍋版) @188懶人料理,蛤蜊,https://icook.tw//recipes/95046
405,蛤蠣絲瓜,蛤蠣 瓜類,https://icook.tw//recipes/285776
406,起司火腿卷,吐司 豬肉 起司,https://icook.tw//recipes/93544
407,絲瓜蛤蜊,瓜類 蛤蜊,https://icook.tw//recipes/291040
408,金沙筊白筍,白筍 辣椒,https://icook.tw//recipes/289334
409,保證好吃咖哩飯,咖啡粉 馬鈴薯 紅蘿蔔 洋蔥 蘋果 養樂多,https://icook.tw//recipes/66311
410,五星級主廚快餐車的慢烤起司三明治,吐司 起司 花生,https://icook.tw//recipes/90361
411,泡菜炒飯,白飯 泡菜,https://icook.tw//recipes/294151
412,自製鬆餅粉＆鬆餅好吃的秘訣,牛奶 蜂蜜,https://icook.tw//recipes/89335
413,豬肉咖哩,豬肉 洋蔥 馬鈴薯 淨重 咖哩,https://icook.tw//recipes/294457
414,蘋果咖哩雞,雞肉 馬鈴薯 紅蘿蔔 洋蔥 蘋果 咖哩,https://icook.tw//recipes/264253
415,嫩煎雞腿肉,雞腿,https://icook.tw//recipes/157512
416,蔥爆雙菇,菇類 鴻喜菇 洋蔥 青蔥 辣椒,https://icook.tw//recipes/81805
417,10分鐘快速早餐【洋芋培根蛋】,豬肉 馬鈴薯,https://icook.tw//recipes/77136
418,日本家の味道♥佛蒙特咖哩,雞肉 紅蘿蔔 馬鈴薯 洋蔥 咖哩,https://icook.tw//recipes/72143
419,超級好吃芋頭糕,菇類 豬肉 高湯,https://icook.tw//recipes/70744
420,咖哩牛肉,馬鈴薯 洋蔥 咖哩 牛肉,https://icook.tw//recipes/293800
421,4樣材料的好吃照燒雞腿肉,雞肉,https://icook.tw//recipes/69619
422,一鍋到底壽喜燒蓋飯,青江菜 菇類 洋蔥 牛肉,https://icook.tw//recipes/68889
423,三杯杏鮑菇雞【露營荷蘭鍋料理】,雞肉 菇類 九層塔 辣椒,https://icook.tw//recipes/67212
424,金針洋蔥燒肉蓋飯【露營卡式爐料理】,豬肉 洋蔥 菇類,https://icook.tw//recipes/67207
425,火焰焗烤通心麵【露營卡式爐料理】,馬鈴薯 豬肉 菇類 高湯 起司 花椰菜,https://icook.tw//recipes/63410
426,奶香焗烤彩椒杯【露營荷蘭鍋料理】,馬鈴薯 豬肉 菇類 高湯 起司 花椰菜,https://icook.tw//recipes/62358
427,香噴噴～麻油薑蛋炒飯,白飯,https://icook.tw//recipes/62308
428,醬色茶香滷味【露營卡式爐料理】,黑輪 豆腐,https://icook.tw//recipes/61831
429,家傳蒙古烤肉【露營荷蘭鍋料理】,菇類 空心菜 木耳 牛肉,https://icook.tw//recipes/61827
430,香Q白(番薯)飯 【露營荷蘭鍋料理】,沙拉油 白米,https://icook.tw//recipes/61451
431,辣炒高麗菜【露營荷蘭鍋料理】,高麗菜 紅蘿蔔 辣椒,https://icook.tw//recipes/61448
432,白醬奶油杏鮑菇義大利麵 【露營卡式爐料理】,菇類 紅椒 椒顆 乳瑪琳 花椰菜 芹菜,https://icook.tw//recipes/61446
433,桔醬風味棒棒腿 【露營卡式爐料理】,桔醬,https://icook.tw//recipes/60164
434,咖哩蔬菜燉飯 【露營荷蘭鍋料理】,馬鈴薯 蘋果 高湯 綠花 耶菜 紅蘿蔔,https://icook.tw//recipes/59789
435,香溢石烤番薯 【露營荷蘭鍋料理】,番薯,https://icook.tw//recipes/59787
436,咖哩雞丁,雞肉 洋蔥 紅蘿蔔 馬鈴薯 咖理塊,https://icook.tw//recipes/287969
437,簡單又開胃!  義式鮮蝦綜合炒菇,菇類 蒜片 九層塔 檸檬,https://icook.tw//recipes/58899
438,扒完三碗飯! 泰式打拋豬 食譜,豬肉 九層塔 檸檬汁 番茄 辣椒,https://icook.tw//recipes/58068
439,Erika's kitchen 露營料理 鮮透散壽司,海苔 白飯 瓜類 紅蘿蔔,https://icook.tw//recipes/56910
440,酒蒸蛤蠣,小塊 青蔥根 文蛤 辣椒,https://icook.tw//recipes/285843
441,法蘭西多士,吐司 花生,https://icook.tw//recipes/102113
442,高麗菜蛋炒飯,白飯 高麗菜,https://icook.tw//recipes/259974
443,簡單好吃的-地瓜煎餅,地瓜,https://icook.tw//recipes/53200
444,櫻花蝦炒飯,白飯,https://icook.tw//recipes/294619
445,[提姆士食譜] 十分鐘下酒菜 - 清酒蒸蛤蜊,蛤蜊,https://icook.tw//recipes/50067
