1,"['高湯:600ml +', '蔥段:1~2枝', '高麗菜:6葉+', '火鍋肉片:6~8片', '蝦仁:10隻+']"
2,"['義大利麵:2人份', '高麗菜 (大葉):5~6葉', '洋蔥(切絲):1/3顆', '蒜 (切片):5瓣', '鮪魚罐頭:1/2罐', '野菜 (如彩椒、辣椒等):隨意']"
3,"['青花菜:300g', '水煮蛋 (切1/4或1/6):1~2個', '小番茄 (切半):5個', '鮪魚罐頭:1/3罐', '鮪魚罐頭汁/油:1/2罐', '糖:0.5小匙', '醬油:1小匙', '橄欖油:1.5小匙', '芥末籽醬(可略):1小匙', '鹽、黑胡椒:少許']"
4,"['麵條:1.5~2人份', '肉絲:100~150g', '?麴:1/2大匙', '香油:1大匙', '蔥 (切段):1根', '高湯:400~500 ml', '青江菜:2把', '雞蛋 (打散):2個', '桃屋辣油 (可略):隨意', '醬油:2小匙', '烏醋:1小匙', '片栗粉、太白粉、或蓮藕粉:5g', '水:50g']"
5,"['高麗菜 (切小片):50g', '白蘿蔔 (切扇型):100g', '紅蘿蔔 (切絲或小條):40g', '小黃瓜 (切片):0.5~1條', '紅辣椒 (可略):1/2條', '白??或日式醬油:3大匙或1.5大匙', '醋:1~2小匙']"
6,"['麵條:2人份', '蛤蜊 (吐沙洗淨):10~12顆', '蒜頭 (切片):4瓣', '青花菜、蘆筍或四季豆:適量', '辣椒 (可略):6小丁', '酒:2~3大匙', '醬油:1/2大匙', '蠔油 (可略):1/2大匙']"
7,"['豆腐(切成2小塊):1/2塊', '紅蘿蔔:2小塊', '小松菜或其他青菜:6~8葉', '水:500ml', '糖:1小匙', '酒:1大匙', '米霖:1大匙', '日式醬油:1大匙']"
8,"['大型菇類 (切半):一盒', '柴魚:2g', '醬油:1/2 小匙']"
9,"['波隆那肉醬:隨意', '茄泥:3大匙', '白飯:2人份', '青豆:適量']"
10,"['蝦仁:150~200g', '奶油:10~15g', '洋蔥 (切絲):1/2個', '咖哩粉:1/2大匙', '牛番茄 (切塊):1/2個', '番茄泥或番茄醬:1大匙', '蒜泥:1/2大匙', '蜂蜜:1小匙', '無糖優格:50g', '中筋麵粉:10~15g', '鮮奶:150g']"
11,"['茶包:4個', '全脂鮮奶:280ml', '糖:1.5大匙']"
12,"['雞腿排:1片', '蔥:2根', '九層塔:少許', '洋蔥:1顆']"
13,"['義大利麵:2人份', '青椒:1顆', '紅椒:1顆', '薄肉片或肉絲:200g', '糖:1/3大匙', '醬油:1/2大匙', '酒:1/2大匙', '素蠔油:1/2大匙', '醬油:1小匙', '鹽:1g', '黑或白胡椒:少許', '酒:1小匙', '片栗粉或蓮藕粉:1小匙', '油:1小匙']"
14,"['馬鈴薯:1顆', '培根:4-5條', '黑胡椒:少許', '清雞湯:10-20cc', '橄欖油:少許(可略)', '金寶日式風味奶油南瓜湯:1罐']"
15,"['去骨雞腿肉:3片', '薑:1/4小塊', '蒜頭:4粒', '黑胡椒粉:1小匙', '紅椒粉:1小匙', '五香粉:1小匙', '醬油:1大匙', '米酒:1大匙']"
16,"['較厚肉片:250~300g', '洋蔥(切丁):1/8個', '片栗粉或中筋麵粉:少許', '薑泥:1.5小匙', '醬油:1.5大匙', '米霖:1大匙', '酒:1大匙', '糖:0.3~0.5大匙']"
17,"['白/五穀飯:1碗', '洋蔥(切丁):1/3個', '蒜頭(切末):2瓣', '牛番茄 (切塊):1/2個', '鮮蝦:8~10尾', '玉米粒、青花菜等:隨意', '番茄汁:250ml', '高湯或水:100 ml']"
18,"['火鍋肉片:100g', '蔬菜(參考小撇步*):隨意', '月桂葉(可略):2片', '水:200ml', '日式麵/鰹魚醬油:2大匙', '薑泥:0.5小匙', '椰奶:50 ml', '鮮奶:50 ml', '咖哩粉:1小匙', '紅辣椒粉(可略):0.5小匙']"
19,"['豬腰內肉:400克', '蛤蜊:600克', '洋蔥:1顆', '蒜頭:10-15顆', '乾香菇:7-8朵', '小白菜:1把', '橄欖油:適量', '米酒:適量', '白胡椒:適量', '鹽:適量', '水或高湯:1000cc']"
20,"['(蕎麥)麵條:2份', '香油:1點點', '肉片:150g', '蔥白 (切段):1~2支', '洋蔥 (切絲):1/3顆', '日式麵醬油:2~3 大匙', '米霖:1大匙', '糖:0.5小匙', '高湯或水:500ml']"
21,"['秋刀魚:4尾', '薑 (切絲):一條', '蘿蔔泥 (可略):一小段', '日式麵醬油(濃縮):5~6大匙', '糖:1.5大匙', '水:200 ml']"
22,"['康寶濃湯:1包（兩人份）', '水煮蛋:1顆', '鮮奶:50cc', '溫開水:100cc', '起司粉:1T', '起司絲:適量', '厚片吐司:2片', '含鹽奶油:適量', '義式香料:適量']"
23,"['蒜 (末):2瓣', '絞肉:250g', '酒:1/2匙', '(素)蠔油:1/2大匙', '醬油:1/2大匙', '脆瓜 (剁碎):半瓶(小)']"
24,"['義大利麵(煮軟):2人份', '培根(切丁):1~2條', '洋蔥(切絲):1/4 顆', '彩椒們 (切小塊):各1/4顆', '番茄醬:2~3大匙']"
25,"['豬絞肉:300g', '洋蔥 (切丁):1/2顆', '牛番茄 (切塊):1個', '蒜末:1瓣', '番茄醬:2.5大匙', '醬油:2小匙', '烏醋:1/2小匙', '咖哩粉:2大匙', '鹽:1/2小匙', '水:150 ml', '中筋麵粉:1大匙']"
26,"['寬粉:3把', '蒜末:1T', '乾花椒粒:1T', '辣紅椒粉:1t', '辣紅椒油:1t', '醬油:1T', '烏醋:1T', '開水:300cc', '黃飛紅麻辣花生:一把', '蔥花:1T', '鹽巴:1/4t', '胡椒粉:1/4t']"
27,"['手工麵線:2把', '黑麻油:1T', '薑片:數片', '雞蛋:2顆']"
28,"['雙醬肉片或其他肉片:300g', '蔥綠 (切末):2~3支', '水:4大匙', '酒:2大匙', '米霖:1大匙', '鹽:2/3小匙', '片栗粉:1/2小匙', '蒜泥:2瓣', '薑泥:1小塊']"
29,"['白蘿蔔(切中小塊):1/4條', '帶骨雞肉:250g', '高湯或水:400g', '醬油:2大匙', '米霖:1.5大匙', '糖:1大匙']"
30,"['烏龍麵:2份', '高麗菜 (切片):4~5大片', '蔥 (切段):1支', '肉片或中卷:200g', '高湯(柴魚、昆布或其他皆可)):150 g', '其他野菜(紅椒、小番茄等):隨意', '柴魚:5g', '醬油:1.5大匙', '米霖:1.5大匙']"
31,"['肉片:100g', '片栗粉或太白粉:1小匙', '高湯(昆布、柴魚、清雞湯等):3~4杯', '酒:2大匙', '醬油:2小匙', '米霖:2小匙', '大白菜:8~10片', '薑片:2小薄片', '青蔥 (斜切段):一支']"
32,"['白飯:1~1.5碗', '豬五花肉片(稍厚):150g', '白蘿蔔:1/3~1/4根', '青蔥:1支', '高湯:800ml', '醬油、酒、米霖:各1大匙']"
33,"['雞胸肉:200~300g', '燒海苔:數片', '片栗粉:適量', '醬油:1大匙', '橄欖油:1大匙', '柴魚或昆布高湯:1大匙', '蒜泥:2瓣', '薑泥:1片', '糖:1/4大匙']"
34,"['義大利麵條:150g', '鮭魚:150g', '奶油:15g', '醬油:1/2~1大匙', '蘆筍 (切段):8根', '其他野菜:隨意']"
35,"['四季豆（切段）:3根', '油豆腐（切小塊）:1~2塊', '紅蘿蔔:4小片', '鴻禧菇:1/2包', '高湯:一杯', '醬油:1大匙', '米霖:1大匙', '糖:1/3大匙']"
36,"['五穀飯:300g', '櫻花蝦:30~50g', '蔥 (青色部分切末):1根', '鹽昆布:6~10g', '柴魚:4g', '果醋:2~3滴']"
37,"['雞翅:4支', '馬鈴薯 (切塊):1個', '紅蘿蔔 (切塊):1/4根', '洋蔥 (切絲):1/4顆', '醬油:2.5大匙', '水:150ml', '米霖:2大匙', '酒:1大匙', '糖:1/3大匙']"
38,"['火鍋梅花薄肉片:200g', '青、黃、紅椒:各1/2顆', '洋蔥:1/3顆', '杏鮑菇:3~4根', '紅蘿蔔:少許', '薑末:1片', '片栗粉或蓮藕粉、太白粉:1大匙', '鹽、黑胡椒:少許', '番茄醬:2大匙', '果醋:0.5大匙', '糖:0.5大匙', '醬油:1.5大匙', '酒:1大匙', '片栗粉或蓮藕粉、太白粉:0.5大匙']"
39,"['台灣鯛片或任何白身魚片:2片', '中筋麵粉:2小匙', '咖哩粉 (可略):1/2小匙', '麵包粉:15g', '起司粉:10g', '蛋液:1/2顆量']"
40,"['雞翅:6隻', '大根:200g', '紅蘿蔔:1/3~1/2條', '豆瓣醬:1小匙', '糖:1/2小匙', '香油:1小匙', '酒:1大匙', '味噌:1大匙']"
41,"['雞腿肉:200g', '糖:1/3大匙', '酒:1大匙', '鹽:一點點', '味噌:1小匙', '醬油:1.5大匙', '米霖:1大匙']"
42,"['高麗菜 (切小一點):3~4葉', '洋蔥 (切絲):1/4顆', '牛番茄 (切塊):半顆', '小熱狗 (先煮過):1條', '青花菜:3~4朵', '其他蔬菜（紅蘿蔔等）:隨意']"
43,"['小松菜:3~4把', '玉米筍:4根', '黃椒:1~2輪切', '柴魚:5 g', '鹽昆布:10g', '白芝麻:1~2g', '醬油:0.5~1小匙', '糖:0.5小匙', '香油:少許']"
44,"['火鍋肉片:200g', '菇類:100g或隨意', '薑末:1片份', '糖:1/3大匙', '醬油:1大匙', '酒:1大匙']"
45,"['烏龍麵或麵線:2把', '雞蛋:2顆', '高湯+水:1000ml左右', '米霖:1大匙', '醬油:1小匙', '酒:1小匙']"
46,"['雞翅 (各切成三段):3~6支', '香油:1大匙', '酒:1大匙', '米霖:1大匙', '醬油:１大匙', '水:2大匙', '糖:1/3小匙', '檸檬汁:0.5~1大匙']"
47,"['台灣鯛魚片(切塊):1片', '薑絲:2片', '米霖:4大匙', '酒:1大匙', '醬油:2大匙', '糖:0.5小匙', '水或高湯:100~150ml']"
48,"['香油:1大匙', '豬絞肉:100~150g', '蔥(切段):1支', '豆芽菜:150~180g', '泰式酸甜醬:2大匙', '(素)蠔油:1.5小匙', '酒:1大匙', '高湯或水:1大匙', '片栗粉、太白粉或蓮藕粉:1/2大匙', '高湯或水:1大匙']"
49,"['白飯:2滿碗', '柴魚5g:5g', '?昆布:5g', '香油:2小匙', '醬油:1小匙']"
50,"['高湯+水:500ml', '高麗菜或大白菜:100g', '蘿蔔 (切小塊):100g', '番茄:1/2個', '野菜(菇、蘆筍等):隨意']"
51,"['白飯:2滿碗量', '燒海苔:2大片', '香油:1小匙', '姜 (切絲):1片', '火鍋肉片:50g', '米霖:1小匙', '?油:1小匙', '糖:1/2小匙']"
52,"['苦瓜(中型):1條 /300g', '高湯或水:50g', '絞肉:100g', '洋蔥(切丁):1/5顆', '麵包粉或低筋麵粉:1大匙', '鮮奶或豆漿:1小匙', '片栗粉或蓮藕粉:1小匙', '醬油:1小匙', '鹽、白胡椒:少許', '糖:1/2小匙', '酒:1小匙', '醬油:1大匙', '米霖:1大匙', '片栗粉或蓮藕粉:1小匙', '水:80g']"
53,"['豬絞肉:300g', '洋蔥(切丁):1/4個', '蛋 (中小型):1顆', '麵包粉或低筋麵粉:1大匙', '片栗粉或蓮藕粉:1/2大匙', '鹽、黑胡椒:一點點', '高湯:1杯', '水:1/2杯', '番茄醬:3大匙', '糖:1/2大匙', '醬油:1/2大匙']"
54,"['冷凍烏龍麵:2份', '五花肉或梅花肉片:8~10片', '蘿蔔(磨泥):2~4公分', '高湯:2杯', '日式濃縮醬油:4大匙', '醋:1大匙', '香油:1/2 大匙']"
55,"['青椒(大型):1個', '麵包粉或中筋麵粉:2大匙', '鮮奶:2大匙', '絞肉:100~120g', '洋蔥(切丁):1/4個', '五穀飯或糙米飯:100~120g', '鹽:1/4小匙', '黑胡椒:少許', '咖哩粉:1/2小匙', '蕃茄醬:1大匙', '黑醋:1/4小匙', '醬油:1/2小匙']"
56,"['洋蔥(切丁):1/4個', '絞肉:200g', '茄子(切段):2條', '咖裡塊(切丁):50~70g', '番茄醬、:1大匙', '黑醋:大1/3', '醬油:1/2大匙', '味噌:1小匙', '蒜末:一瓣', '薑末:一片']"
57,"['豬肉梅花肉片:200g', '香油:1大匙', '高湯或水:800ml', '味噌:5大匙', '醬油:1小匙', '米霖:1大匙', '洋蔥（切絲）:1/2顆', '馬鈴薯（切塊）:1顆', '紅蘿蔔（切塊）:1/2根', '鮮香菇(切條)或柳松菇:6~8朵或半包', '板豆腐（切小塊）:1/2~1塊', '蔥（切段）:1/2根']"
58,"['豬五花或梅花肉片:200g', '洋蔥(切絲):1/2個', '醬油:2大匙', '米霖:2大匙', '糖:0.5~1小匙', '水:150g']"
59,"['白飯:1.5~2碗', '蛤蜊(吐沙洗淨):16個', '白酒:2大匙', '起司粉:1大匙', '雞高湯或水:300ml', '培根(切小段):2條', '洋蔥(切絲):1/4個', '蒜頭(切片):2瓣', '小番茄(切半):6個']"
60,"['高湯:600ml', '香油:1小匙', '小松菜或青江菜 (可略):2把', '蒜頭 (切片):4瓣', '酒:1大匙', '蛤蜊:約20個', '鴻禧菇 (可略):1/2包', '醬油:1小匙', '青蔥(切末或絲):2支', '有鹽奶油:7g']"
61,"['洋蔥(切丁):30g', '青椒、黃椒、玉米粒等(切丁):各30g', '小熱狗(切丁):30g', '綠葉蔬菜(切細):3~4葉', '乳酪絲或起司:10g', '融化的奶油:15g', '鬆餅粉:100g', '鮮奶:50g', '蛋:1顆']"
62,"['梅花豬肉片:200g', '薑片 (切絲):3~4片', '水:150g', '糖:1/4大匙', '醬油:2大匙', '酒:1.5大匙', '米霖:1.5大匙']"
63,"['義大利麵:２人份', '蒜頭 (切片):2瓣', '四季豆(切三段):10隻', '蘑菇(切半):10+個', '培根(切段):3~5條', '彩椒(切條):1/2~1個', '美乃滋:0.5~1大匙', '鹽麴:1大匙']"
64,"['去骨雞腿肉一大隻:160~200g', '高麗菜:適量', '蒜頭（切片）:一辦', '醬油:2大', '砂糖:1/2~1/3大匙', '米霖或酒:1/2']"
65,"['金針菇:1包200克', '牛里肌火鍋片:1盒216克', '醬油:少許', '白胡椒粉:少許', '鹽巴:少許', '黑胡椒粉:少許', '醬油水:50cc', '白芝麻:少許']"
66,"['新鮮蘋果:3顆', '新鮮楊梅:一大堆', '檸檬汁:一顆', '砂糖:隨意', '無鹽奶油:適量']"
67,"['鹽味鮭魚:2片', '雞蛋:2顆', '生菜:數片', '牛蕃茄:一顆', '黑胡椒:少許', '鹽巴:少許', '美乃滋:適量']"
68,"['新鮮雞腿肉:300G', '薑片:適量', '醬油:適量', '麻油:適量']"
69,"['鮭魚:一片', '鮮蝦:幾隻', '芒果:半顆']"
70,"['牛肉:一條', '各式生菜:適量', '玫瑰鹽:少許', '洋蔥和風醬（市售）:適量']"
71,"['蒜頭(切末):2瓣', '小蕃茄(切成4小塊):8顆', '水:100ml', 'Costco有機茄泥:2大匙', '紅酒:2大匙', '糖:1/2小匙', '絞肉:250g', '洋蔥(切丁):1/4顆', '鹽:1g', '味增:1/2小匙', '蛋(小型):1個', '鮮奶:1大匙', '低筋麵粉:4大匙']"
72,"['玉米筍:6根', '火鍋薄肉片:6片', '片栗粉或太白粉:適量', '醬油:1大匙', '米霖:1/3大匙']"
73,"['去骨雞?肉:300g', '片栗粉或太白粉:適量', '鹽:1g', '黑胡椒:少許', '蒜泥:2瓣', '薑泥:1/2小匙', '醬油、酒:各1大匙', '糖:1小匙', '香油:1小匙', '醬油:1大匙', '醋:1/3小匙', '香油:1大匙', '糖:1/2小匙', '白芝麻:隨意']"
74,"['麵:2把', '小黃瓜 (切絲):2段', '小蕃茄 (切圓片):8~10顆', '紅蘿蔔:4片', '玉米筍:2條', '肉片:4~6片', '味付玉子:1顆', '醬油:50g', '(水果)醋:5~10g', '砂糖:15g', '水:40ml', '薑泥:2g', '香油:5g', '辣油 (可略):適量']"
75,"['白米:4杯', '飲用水:5杯', '番茄:2顆', '雞蛋:4個', '青蔥:1根', '番茄糊:適量(可不加)', '糖:適量', '鹽:適量', '火鍋豆腐:1盒', '青蔥:2根', '醬油:適量', '鹽:適量', '糖:適量', '蒜頭:3瓣', '高麗菜:1/4顆', '糖:適量', '鹽:適量', '洋蔥:1顆', '肉片:600克', '黑胡椒醬:兩瓢（適量）', '糖:適量', '鹽:適量', '白胡椒:適量', '太白粉:適量', '香油:適量']"
76,"['去骨雞腿 (或雞胸):1隻', '青椒或糯米椒:2個或兩把', '片栗粉或太白粉:適量', '酒:0.5大匙', '鹽、胡椒:一些', '(素)蠔油:1大匙', '醬油:1大匙', '水:2大匙']"
77,"['水餃:6~8顆', '蒜頭 (拍扁):2瓣', '蔥 (切段):一枝', '紅蘿蔔 (切絲):一小段', '青江菜 (切段):4片', '菇類:隨意', '高湯或水:700~800 ml', '蛋:2顆', '辣油 (可略):隨意', '片栗粉或太白粉:1.5小匙', '水:3小匙', '酒:1.5大匙', '黑醋:1大匙', '醬油:3大匙']"
78,"['高麗菜 (切三等份):適量', '蕃茄汁:150~200g', '芹菜:1~2枝', '絞肉:150~200g', '中型洋蔥(切末):1/4個', '蛋:1個', '低筋麵粉:4大匙', '鹽:1g+', '黑胡椒:少許']"
79,"['豬五花肉片:24片', '四季豆:35條', '紅蘿蔔:1/4條', '洋蔥:1/2顆', '咖哩粉:2大匙', '醬油:2茶匙', '糖:1/2茶匙', '黑胡椒粉(粒):少許', '鹽(視需要):少許', '水:300cc']"
80,"['鯖魚(切塊):一片', '片栗粉、太白粉或麵粉:一些', '蔥(切末):一枝', '醋:1小匙', '醬油:0.5大匙', '米霖:1小匙', '酒:1小匙', '糖:0.5小匙', '水:1大匙']"
81,"['豬絞肉:300g', '中型洋蔥（切丁）:１/4顆', '青椒(切丁):1~2個', '(素)蠔油:1大匙', '醬油:1.5大匙', '酒:1.5大匙', '米霖:1大匙', '糖:1/2小匙', '片栗粉或太白粉:0.5小匙', '水:1小匙']"
82,"['絞肉:200g', '片栗粉或太白粉:1大匙', '美乃滋:1大匙', '柚子胡椒:1/2小匙', '蒜泥或蒜末:1/2小匙', '鹽:1~2g', '酒:1大匙', '黑胡椒:少許']"
83,"['南瓜（切小塊）:150g', '柴魚:1小把', '蠔油:1小匙', '香油:1/2小匙']"
84,"['小黃瓜:一條', '薑泥或薑末:1/2大匙', '醬油:1大匙', '烏醋:1/2大匙', '砂糖:1/2小匙', '香油:1/2大匙', '鹽:1g']"
85,"['豆腐:150g', '中型青椒(切塊):1個', '中型洋蔥(切絲):1/4個', '香油:2大匙', '水:1大匙', '糖:1小匙', '黑醋(白醋亦可):1小匙', '番茄醬:1大匙', '醬油:1大匙']"
86,"['中筋麵粉:1碗', '玉米粉:1/3碗', '太白粉:1/9碗', '蛋:3個', '水:1碗半', '鮪魚罐頭:1個', '培根肉片:4個']"
87,"['豬梅花火鍋肉片:12片', '秋葵:12條', '白芝麻:少許', '太白粉:少許', '客家桔醬:1大匙', '蒜泥:1茶匙', '醬油:1大匙', '味醂:1大匙', '開水:1大匙']"
88,"['洋蔥（切絲）:1中顆', '蒜頭（拍扁）:4~5辦', '紅蘿蔔（切塊）:半條', '馬鈴薯（切塊）:2小顆', '肉片:300g', '咖哩粉:適量', '咖哩塊:100g', '高湯:2∼3杯']"
89,"['五花肉條:100~150g', '味增:1/2大匙', '豆瓣醬:1/2大匙', '米霖:1大匙']"
90,"['肉片(牛肉或豬肉):4~6片', '低筋麵粉:少許', '馬鈴薯(切小塊):1/2個', '紅蘿蔔(切小塊):1/2個', '洋蔥(切小塊或切絲):1/2個', '小番茄(切半):8~10顆', '月桂葉:2片', '高湯或水:300 ml', '紅酒:100ml', '伍斯特醬:1~2大匙', '番茄醬:2大匙', '糖:1小匙', '奶油(室溫放軟):10g', '低筋麵粉:15g']"
91,"['馬鈴薯(2顆):250~300g', 'A 乾燥香草:1/2小匙', 'A 乳酪 (絲/小塊):20g', 'A 片栗粉或太白粉:1大匙']"
92,"['冷凍水餃:看要吃幾顆', '麵粉:1/4碗', '水:1/2碗', '鹽或黑胡椒(可無):少許', '香油(可無):三滴']"
93,"['青江菜:2把', '香油:數滴', '鹽昆布(或味付燒海苔):適量', '白飯:2碗']"
94,"['魚肉:2片', '醬油:1大匙', '酒:1大匙', '米霖:1大匙', '糖:1/2大匙', '薑泥:一小段']"
95,"['梅花火鍋肉片:一盒', '金針菇:一包', '醬油:1.5大匙', '味霖:1.5大匙', '酒:適量', '白芝麻:少許']"
96,"['高筋麵粉:300克', '低筋麵粉:100克', '溫水:220g', '快發乾酵母:5g', '鹽:一小匙', '糖:一大匙', '橄欖油:一大匙']"
97,"['白飯:2~3碗', '薄肉片:3~4片', '青江菜或韭菜等綠葉菜(切末):一把', '雞蛋:2~3顆', '咖哩粉:1/2~1大匙', '番茄醬:1/2大匙', '醬油:1大匙', '蒜末:1瓣']"
98,"['高湯:3~4杯', '蔥白 (切段):1支', '薑 (切片):2片', '牛番茄(切塊)或小番茄(切半):1顆或6個', '雞蛋:1個', '香油:數滴']"
99,"['韭菜 (切3公分段):50g', '洋蔥 (切絲):50g', '薄肉片 (切小片):50g', '蛋:1個', '水:100cc', '鹽:3g', '低筋麵粉:60g', '片栗粉或太白粉:40g', '醬油:1大匙', '醋 (自行調整酸度):1/2 大匙', '砂糖、辣椒醬、香油:各1/2 小匙', '白芝麻:適量']"
100,"['無骨雞腿:300g', '青蔥 (蔥綠斜切絲):2~3支', '片栗粉或太白粉:少許', '鹽麴 或:2大匙', '鹽:1小匙', '白胡椒:少許', '醬油:1大匙', '醋:1/2大匙', '糖:1/2小匙']"
101,"['鮪魚罐頭:一罐', '雞蛋:二到三顆', '杏鮑菇:200克', '水~煮杏鮑菇:1/3杯', '水~調蛋液:1/2杯']"
102,"['杏鮑菇:4條', '培根:4片', '酒:1大匙']"
103,"['水餃:12', '玉米粉:一小撮', '水:100g']"
104,"['冬粉（可先泡水）:2~3把', '小肉丸:8顆', '高湯或水:5杯', '酒:2大匙', '鹽:1小匙', '白胡椒:少許', '香油:0.5', '青江菜等旅色蔬菜:1~2把']"
105,"['金針菇:200g(約一包)', '絞肉:500g', 'A. 蔥(末):一支', 'A. 蛋:一顆', 'A. 酒:3大匙', 'A. 低筋麵粉:3大匙', 'A. 鹽:1g', 'A. 白胡椒:少許', '醬油:2大匙', '米霖:2大匙', '酒:1大匙', '水:2大匙', '片栗粉或太白粉:1小匙']"
106,"['雞翅:4隻', '香油:1大匙', '醬油:3大匙', '醋:2大匙', '米霖:2大匙', '酒:3大匙', '糖:1大匙']"
107,"['火鍋肉片:4片', '蘆筍:8支', '低筋麵粉:少許', '醬油:1大匙', '米霖:1大匙', '白醋:0.5大匙', '奶油(可略):5g']"
108,"['白蘿蔔(切薄片):約3公分', '火鍋肉片:4片', '薑:1小片', '蒜片:1~2瓣', '八角(可略):1個']"
109,"['冷飯:2人份', '蒜片:2~3瓣', '櫻花蝦:5~10g', '竹輪(切片):適量', '青江菜或油菜(切末):一把']"
110,"['榨菜切絲:1/2-1顆', '五花肉切絲:300-600g', '紅辣椒切絲(可不加，配色微辣):1-2條', '柴魚粉:1小匙', '薑片切絲(可不加):5片', '胡椒粉(可不加):1小匙', '米酒:1大匙', '香油:1大匙', '醬油:2大匙', '米酒:2大匙', '香油:2大匙', '胡椒粉:可不加，1小匙']"
111,"['油蔥:1匙', '絞肉:100g', '高湯或水:4~5杯', '虱目魚肚:2條', '白飯:1.5碗', '薑(切絲):適量', '芹菜或韭菜(切末):適量']"
112,"['去骨雞腿肉:1支(150g)', 'A. 蔥(切段):支', 'A. ?:1g', 'A. 白胡椒:適量', 'A. 香油:大1', '片栗粉(或太白粉):適量', '醬油:1大匙', '醋:1/2大匙', '糖:1/3大匙', '香油:1/2大匙', '蔥(斜切段):1支']"
113,"['豬絞肉:150g', '薑(末):1公分小段', '蒜(末):1~2瓣', '豆鼓:5顆左右', '醬油膏:1大匙', '糖:1g左右', '辣椒(可省):1小段']"
114,"['洋蔥:1/2顆', '火鍋肉片（牛豬皆可）:1/2盒', '生豆皮:2塊', '傳統豆腐:1塊', '杏鮑菇（任何菇皆可）:1根', '娃娃菜:2棵', '蒜苗:適量', '火鍋料:隨意', '醬油:50cc', '味霖:50cc', '海帶高湯（或一般高湯）:75cc', '米酒:25cc', '水:60cc']"
115,"['火鍋肉片:200g', '低筋麵粉:1大匙', '洋蔥(絲):1顆', '鴻禧菇:100g(一包)', '奶油:10g', '番茄醬:3~4大匙', '伍斯特醬(或烏醋):2(或1)小匙', '醬油:1小匙', '糖:1小匙', '鹽:1/2小匙', '水:150g']"
116,"['南瓜切片:6~8片', '芝麻:少許', '醬油:1小匙', '糖:1/2小匙']"
117,"['去骨雞腿肉:300g', '片栗粉或太白粉:4大匙', '日式醬油:2大匙', '美乃滋或沙拉醬:1大匙', '醬油:1小匙', '糖:1小匙', '蒜末:1~2瓣', '鹽:1~2g', '白胡椒:隨意']"
118,"['豬絞肉:1份', '九層塔:適量', '鹽:少許', '牛番茄:三分之一', '糖:少許', '蒜末:適量', '辣椒:2根', '醬油膏:1匙', '醬油:1匙', '魚露:1匙', '水:2.5匙']"
119,"['豬絞肉:500g', '梅干菜:50g', '蒜末:10~30g', '醬油:40g', '酒:15g', '糖:5g', '白胡椒:少許', '鹽:1g', '香油:5g', '水:30g', '太白粉或片栗粉:2g']"
120,"['白飯:10碗', '御香鬆:少許', '肉鬆:少許', '煎烤肉片:少許', '煎鹹魚丁:少許', '海苔:1包']"
121,"['排骨:2斤', '水蜜桃罐頭:1罐', '八角:1粒', '蒜頭（對切一半）:3粒', '蔥（不切打結）:1株', '麥芽糖:1湯匙', '頻果醋:2湯匙', '冰糖:2湯匙', '醬油:1湯匙', '白芝麻:少許', '檸檬皮:少許', '辣椒末:少許']"
122,"['厚切豬里肌肉:4片', '醬油:1湯匙', '糖:1湯匙', '白胡椒:少許', '米酒:少許', '蛋:2粒', '太白粉:適量', '麵包粉:適量']"
123,"['義大利麵:一包', '豬後腿絞肉:1斤', '洋蔥切末:1顆', '牛蕃茄:3顆', '胡椒粉:少許', '番茄醬:4湯匙', '醬油:1湯匙', '糖:2湯匙', '義式香料粉:少許']"
124,"['火鍋肉片:200g', '紅酒:1大匙', '醬油:1大匙', '米霖:1大匙', '糖:0.5小匙', '柚子胡椒:0.5小匙']"
125,"['白米:2米杯', '牛里肌肉:300g', '蒜頭:5瓣', '洋蔥:1/3個', '奶油:1T', '新鮮栗子:12顆', '蘑菇:5個', '青花椰:半朵', '玉米筍:3支', '青蔥:1根', '鰹魚高湯:2.5米杯', '鐵鍋或鑄鐵鍋:1只', '黑胡椒粒:1t']"
126,"['麵:2把', '鹽豚(切片):150~200g', '味?:2大匙', '白蘿蔔(輪切後切塊):5公分', '紅蘿蔔(切絲):1/4根', '高麗菜:隨意', '蔥(切段):1支', '青江菜:6~8支', '其他食材:隨意', '米霖:1大匙', '酒:1大匙']"
127,"['高湯或水:600~800ml', '烏龍麵:2把', '菠菜:2把', '京都水菜:1把', '紅蘿蔔(切片):2~4片', '鮮香菇:2~4朵', '魚板:隨意', '竹輪:2~4個', '火鍋肉片:4片', '油豆腐或豆皮:2個', '醬油:3大匙', '日式醬油:2大匙', '米霖:1~2大匙']"
128,"['白米:1.5杯', '素燥調味包:1包', '香油:1滴', '醬油:適量']"
129,"['柳松菇:1包(約200g)', '蔥:一隻', '香油:少許', '醬油:1大匙', '酒:1大匙', '素蠔油:1大匙', '糖:1/3小匙', '片栗粉或太白粉:1/2大匙', '水:2大匙']"
130,"['厚片吐司:2片', '雞肉或火鍋肉片:150~200g', '洋蔥(切絲):30~50g', '乳酪絲(可略):約30g', '生菜(任意):一些', '番茄片:4片', '辣椒醬或豆瓣醬:1大匙', '醬油:1大匙', '米霖:1大匙', '番茄醬:1大匙', '糖:1/2小匙']"
131,"['培根:2-3條', '馬鈴薯:中型1顆', '雞蛋:1個份', '鹽:少許(見小撇步)', '蔥花(配色用可略):1大匙']"
132,"['蛋白:2個', '蛋黃:2個', '細砂糖:30g', '奶油:10g', '牛奶:10CC', '鬆餅粉:75g', '披薩起士絲:70g', '烤盤紙:2張']"
133,"['麵線:2把', '雞翅:2~4隻', '蔥:一隻', '薑:1~2片', '鹽:2g或酌量', '白胡椒:一些', '白蘿蔔:一小條']"
134,"['雞翅:4隻', '高湯:600ml', '蒜、薑:各一片', '青椒或櫛瓜:一個', '水煮蛋:2個', '牛番茄:1個', '磨菇等蔬菜:隨意', '咖哩粉:2~3大匙', '醬油:1.5大匙', '鹽:1~2g', '糖:1小匙', '番茄醬:2大匙', '伍斯特醬(可略):2小匙', '低筋麵粉:2小匙', '水:30~40g']"
135,"['春捲皮:6~7張', '豬絞肉:200g', '香菇:4~5朵', '粉絲:50~60g', '洋蔥:40g', '香油:2小', '醬油:1大匙', '酒:0.5大匙', '糖:1~2g', '黑胡椒:少許', '鹽:1g']"
136,"['吳郭魚片:兩中片', '米酒:少許', '鹽:一咪咪', '白胡椒:一咪咪', '中筋麵粉:一些']"
137,"['奶油乳酪:100g', '大蒜（切細末）:1~2瓣', '鹽:1/4', '胡椒:酌量', '其他歐式香料（可省）:酌量']"
138,"['絞肉:150~200g', '豆腐（切小塊）:150g', '粉絲（可先泡水）:50g', '蔥（切末）:半根', '醬油:3大', '味增:2小', '香油:0.5~1小匙', '糖:0.5小匙', '酒:2大', '豆瓣醬:1大', '蒜泥:一瓣', '薑泥:一點點']"
139,"['雞肉:100g', '鹽:0.5小匙', '酒:1大匙', '薑末(酌量):1/4小匙', '鵝油香蔥:1大匙', '片栗粉或太白粉:0.5小匙', '糖:1/4小匙']"
140,"['去骨雞腿:一隻', '低筋麵粉:一些', '酒:0.5~1大匙', '醬油:1大匙', '米霖:1小匙', '糖:1/4小匙']"
141,"['高麗菜:1/6棵', '洋蔥（切絲）:1/4個', '火鍋肉片:6~8片', '鮮奶:1杯', '高湯:2杯', '中筋麵粉:10g', '鮮奶:50g']"
142,"['蕃茄:3顆', '雞蛋:3顆', '蔥:一根', '蒜末:少許', '薑:適量', '辣椒:少許', '麵條:兩把', '日式醬油:2湯匙', '香油:適量', '胡椒:少許', '番茄醬(可不加):少許', '鹽巴:1小匙']"
143,"['雞腿:500g', '香菇(先泡軟):5朵', '蒜頭(拍扁):4瓣', '薑片:2片', '花瓜:100g', '花瓜汁:50g+']"
144,"['大白菜:約300g', '櫻花蝦或蝦皮:5~10g', '紅蘿蔔（切小條）:一小段', '蔥(切段):一隻', '酒:1/2大匙', '高湯:200g', '香菇（切條）（可略）:3朵', '糖:1/2', '米霖:2/3', '醬油:1.5', '鹽:1g', '烏醋（可略）:少許', '片栗粉或太白粉:5g', '水:20g']"
145,"['義大利麵:2人份', '蘑菇（切片）:8朵', '培根（切片）:4條', '蒜頭（切末）:4瓣', '鮮奶:100g', '中筋麵粉:20g', '鮮奶:75']"
146,"['南瓜(去皮去籽):200g', '洋蔥(切丁):1/6顆', '核桃(壓碎):20g', '美乃滋:1大匙', '優格(可略):1大匙']"
147,"['炸意麵:一片', '柴魚:1~2把', '小白菜:5葉', '香菇:一朵', '蛤蜊:4個', '鮮蝦:2尾', '肉片:2~4片', '蛋:1顆']"
148,"['火鍋肉片:6片', '洋蔥（絲）:1/4個', '牛番茄（切大塊）:1/2~1個', '咖哩粉:1/2大匙', '味增:1小匙', '番茄醬或茄泥:1小', '青椒:1個', '紅蘿蔔:1小段', '其它如茄子、柳松菇等:自行增加', '青花菜:4 小朵', '四季豆:2條']"
149,"['高麗菜絲:80g', '低筋麵粉:20g', '雞蛋:1顆', '鹽:半匙']"
150,"['絞肉:150g', '南瓜（去籽後）:150g', '美乃滋或沙拉醬:1大', '豆瓣醬:1小', '酒:25', '醬油:50', '糖:5g', '香油:5g', '蜂蜜:10g', '蒜末:2瓣', '薑末:少許', '白芝麻:1g']"
151,"['絞肉:300g', '小蕃茄:數顆', '蒜頭:2-3瓣', '辣椒:1支', '九層塔:1把', '檸檬（可省）:半顆', '蠔油（可省）:1大匙', '醬油:1大匙', '醬油膏:1大匙', '糖:半小匙']"
152,"['紫薯:兩條', '鹽:少許', '糖（可略）:少許', '美乃滋:少許', '黑胡椒:少許']"
153,"['五花肉片:6片', '小黃瓜:一條', '咖哩粉:2/3大匙', '糖:1/2大匙', '酒:1大匙', '米霖:1大', '醬油:2.5大匙']"
154,"['雞翅:2隻', '白蘿蔔（切片）:100g', '紅蘿蔔（切片）:40g', '薑:一小片', '?麴:1∼1.5大匙', '青蔥:幾小段']"
155,"['絞肉:150g', '蔥末:1/2根', '薑(末):5g', '蛋:1/2個(20g)', '低筋麵粉:2大匙', '醬油:1小匙', '米霖:1小匙', '香菇:12朵', '酒:2大匙', '醬油:1大匙', '米霖:1大匙']"
156,"['吳郭魚片:200g', '味增:25g', '味霖:25g', '豆瓣醬:8g', '酒:10g']"
157,"['茭白筍:3根', '鹹蛋:1顆', '蔥:少許', '蒜頭:少許', '紅蘿蔔:少許']"
158,"['麵條:2把', '雞蛋:2顆', '蝦仁:10~15隻', '青蔥或韭菜:2隻', '紅蘿蔔:3片(厚輪切))']"
159,"['鮭魚:1片', '隔夜白飯:600g', '雞蛋:2顆', '青蔥:1根', '油:2大匙', '醬油:1.5茶匙', '鹽:1茶匙', '黑胡椒粒:少許', '米酒:1大匙', '鹽:1茶匙']"
160,"['日清炸雞粉:50g', '清雞腿排:1塊', '綠花椰菜:半多', '紅蘿蔔:少許', '雞蛋:2顆', '牛奶:10cc', '鹽巴:少許', '水:100cc']"
161,"['五花肉:450g', '檸檬:1顆', '芝麻油:1小匙', '小磨坊玫瑰鹽:適量', '小磨坊鮮磨黑胡椒:適量', '小磨坊鮮磨白胡椒:適量']"
162,"['日正鬆餅粉:150g', '雞蛋:1顆', '牛奶:100cc']"
163,"['肉燥:少許', '板豆腐:1盒', '蔥:1根', '水:150cc', '醬油:1大匙']"
164,"['絞肉:400g', '油蔥酥:3大匙', '米酒:1大匙', '冰糖:1小匙', '水:200cc', '醬油:5大匙']"
165,"['青椒:2條', '肉絲:100克', '蒜頭:2顆', '醬油:少許', '鹽巴:少許']"
166,"['韭菜:半把', '紅蘿蔔絲:少許', '甜不辣:3條', '蒜頭:少許']"
167,"['水煮蛋:6顆', '美乃滋:適量', '糖:1/2~1小匙', '鹽:1~2g']"
168,"['豆包:3片', '芹菜:2根', '紅蘿蔔絲:少許', '鹽巴:少許', '蒜頭:少許']"
169,"['牛排:一人份', '綠花椰菜:半朵', '玉米筍:半盒', '馬鈴薯:一顆', '奶油:少許', '雞蛋:一顆']"
170,"['去骨雞腿排:一隻', '洋蔥:半或一顆', '水或高湯:300g', '蛋:3顆', '醬油:2∼3大匙', '米霖:1大匙', '酒:1~2大匙', '糖:1/2小匙']"
171,"['白飯:1杯', '果醋:1大匙', '糖:1大匙', '鹽:1/2小匙']"
172,"['竹輪:6個', '其他關東煮料:一些', '玉米或白蘿蔔:3~6塊', '絞肉:一些', '滷蛋、菇類、其他蔬菜等:隨意', '長昆布:一大片', '柴魚:一大把', 'A.醬油:1大匙', 'A.米霖:1大匙', 'A.酒:1/2大匙', 'A.鹽:1/2小匙']"
173,"['義大利麵:2人份', '蒜頭 (拍扁):5瓣', '青花菜:數小朵', '青椒、紅椒:各一個', '小番茄:幾顆', '茄子:1條', '辣椒(可略):2條', '其他喜歡的蔬菜:隨意']"
174,"['麵條:2人份', '小黃瓜:一條', '牛番茄:一顆', '五花薄肉片:6片', '芝麻醬:6大匙', '花生醬:2大匙', '醬油:4-5大匙', '白醋:1大匙', '香油:1大匙', '糖:1大匙', '開水:80-100ml', '蒜末:適量']"
175,"['薄肉片:150~200g', '洋蔥:1/4個', '蒜(末):2瓣', '?(末):一小片', '水煮蛋:2個', '高湯:600g', '番茄醬:10g', '咖哩粉:1大匙', '米霖:1大匙', '醬油:1大匙', '爪哇或南洋咖哩塊(可略):1/6~1/8塊', '紅蘿蔔:4小塊', '地瓜或馬鈴薯:4小塊', '玉米:2段(切半)', '秋葵:4枝', '青花菜:4朵', '茄子:1~2小條', '青椒:1~2個']"
176,"['五木 炒麵[一包3入]:510G', '五花肉:適量', '高麗菜:適量', '小磨坊鮮磨白胡椒:適量']"
177,"['新鮮里肌:2片', '醬油:一小匙', '味霖:一小匙', '小磨坊百搭香草:少許', '小磨坊鮮磨黑胡椒:少許', '小磨坊玫瑰鹽:少許']"
178,"['高粉:280G', '鹽:5G', '糖:25G', '蛋液:25G', '奶粉:15G', '酵母粉:2.8G', '小磨坊百搭香草:2G', '核桃:30G']"
179,"['雪堿:一小把', '高麗菜:一大把', '白飯:3碗', '雞腿肉:400G', '小磨坊鮮磨黑胡椒:適量']"
180,"['黑木耳:150克', '黑糖冬瓜茶磚(約40克):1塊', '水:1200CC', '糖:適量']"
181,"['白飯:1碗（300g）', '蛋:2顆', '?花:2根', '蒜末:4瓣', '醬油:1大匙', '蔭油膏:2小匙']"
182,"['牛肉（稍有油花的部位）:約300g', '紅、黃甜椒:各半顆', '青花椰菜:1/4顆', '洋蔥:1/4顆', '蒜頭:2、3瓣', '玉米筍:5、6隻', '黑胡椒:少許', '橄欖油:少許', '奶油:1小塊', '醬油:1小匙', '米酒:1大匙', '太白粉:1小匙', '蠔油:1大匙', '醬油:1小匙', '糖:1/2小匙']"
183,"['白蝦ㄧ包:約600g', '奶油:約10g', '蒜瓣:5∼6瓣', '鹽、胡椒:適量']"
184,"['五花豬肉片:400g', '洋蔥:半顆', '白芝麻粒:適量', '薑水  (薑+水1:1打成汁):3大匙', '米酒:3大匙', '味醂:3大匙', '柴魚醬油:3大匙']"
185,"['雞肉(切小塊):100~150g', '鹽麴:10~15g', '白蘿蔔(切薄片):100g左右', '紅蘿蔔(切小片):50g左右', '薑:一小片', '青花菜:幾朵']"
186,"['麵條:2把', '豬肉片:100g', '高麗菜:50g', '蔥段:一根', '紅蘿蔔(切絲):一段', '水:50g', '鹽:<1g', '黑胡椒:一點點', '蒜末:2瓣', '檸檬汁:1/3小匙', '胡麻醬:1大匙']"
187,"['蘆筍:150g', '培根:8片', '黑胡椒:適量', '白芝?(可省略):少許']"
188,"['雞肉:150~200g', '小松菜等綠蔬菜:1/2把', '麵條:2人份', '蔥(切段):1隻']"
189,"['可可粉:15g', '糖:40g(增減)', '鮮奶:50g']"
190,"['義美滷油豆腐:2塊', '蒸熟的毛豆:一些', '?昆布(可略):4g', '香油:2g', '豆瓣醬:2g']"
191,"['豆腐:1大塊', '洋蔥:1/4顆', '蒜頭:2瓣', '青蔥:2隻', '甜豆:1小把', '玉米筍:4隻', '胡蘿蔔:1小塊', '鮮香菇:4朵', '黑胡椒:少許', '香油:少許', '七味粉（可略）:少許', '醬油:2大匙', '味醂:2大匙', '料理米酒:2大匙']"
192,"['鬆餅粉:200g', '雞蛋:1顆', '牛奶:150cc']"
193,"['乾米粉:1/2包', '高麗菜:80g', '紅蘿蔔:30g', '乾香菇:10g', '蝦米:10g', '豬肉絲:60g', '水:400cc', '醬油:60cc', '白胡椒粉:適量', '糖:少許', '烏醋:少許', '醬油:1/2茶匙', '太白粉水:1/2茶匙']"
194,"['魚肉:100g', '薑:10g', '醬油:1大', '酒:2/3大匙', '味霖:1大匙', '糖:1/4大匙', '水:2大匙']"
195,"['中筋或高筋麵粉皆可:280g', '酵母粉:3g', '奶油:15g', '水:180g', '細砂糖:9g', '鹽:5g', '奶粉:6g', '橄欖油:一小匙', '紫洋蔥:一顆', '洋菇:一盒', '紅，黃甜椒:各半個', '牛蕃茄:一顆', '乳酪絲:一包', '蕃茄醬:少許', '橄欖油:少許', '鹽，胡椒粉:少許', '德國香腸:4條']"
196,"['白蘿蔔:1/3根', '絞肉:200g', '醬油:2大匙', '糖:1/3大匙', '酒:1/2大匙', '味霖（可略）:1/2大匙', '水:5大匙']"
197,"['兩種菇類（可切小段）:各一包', '醬油:2小匙', '蒜泥:1/4小匙']"
198,"['白飯:3碗', '蝦仁:1/2碗', '青蔥:2根', '蒜頭:2瓣', '蛋:1顆', '醬油:1大匙', '黑胡椒:少許', '鹽（可略）:少許']"
199,"['絲瓜:一條', '麵線:兩人份', '蛤蜊（泡鹽水吐沙）:10個', '蔥（切丁）:一根', '薑（切絲）:兩片', '蒜頭（末）:4瓣', '油蔥:一大湯匙']"
200,"['隔夜白飯:300g', '薑末:1大匙', '雞蛋:2顆', '豬肉絲:60g', '蔥花:適量', '醬油:1大匙', '麻油:1大匙']"
201,"['牛絞肉(或肉片切碎):160-180g', '番茄:2顆', '蒜頭:1瓣', '辣椒:1小段', '洋蔥:1/2顆', '冷凍烏龍麵:2份', '番茄醬:2大匙', '酒:2大匙', '醬油:2大匙', '鹽:適量', '黑胡椒:適量']"
202,"['厚片吐司:3片', '水煮蛋:3顆', '厚培根:3塊', '起司片:2片', '小黃瓜(小）:2條', '洋蔥(小):1顆', '生菜:適量', '全蛋液:1顆', '鹽:少許', '黑胡椒:少許', '美奶滋:少許', '蒜味奶油抹醬:少許']"
203,"['豬絞肉:300g', '大蒜:8瓣', '辣椒:2條', '番茄:1個', '九層塔:1把', '米酒:1大匙', '檸檬汁:2大匙', '醬油:2大匙', '魚露:1.5大匙', '糖:1小匙']"
204,"['絞肉:300g', '洋蔥丁:1/3', '蒜末:2瓣份', '醬油:3~4匙', '油蔥酥（可省）:1大匙', '五香粉:少許', '白胡椒:少許', '酒:1大湯匙', '糖:0.5~1小匙', '味噌（可略）:1大匙']"
205,"['香油:少許', '火鍋梅花肉片:6片', '薑絲:一片份量', '蒜末:一瓣份量', '蔥切段:一隻', '洋蔥（切絲）:1/4個', '青菜 (大白菜、:青江菜等）', '金針菇:一把', '紅蘿蔔（切絲）:1/3隻', '油麵或冷凍生麵條:2把', '水或高湯:600~800cc', '醬油:2大匙', '素蠔油:1小匙']"
206,"['雞里肌肉:400g', '蘋果（大）:1顆', '馬鈴薯:2顆', '洋蔥(小):1顆', '紅蘿蔔:1條', '咖哩粉:1-2茶匙', '彿蒙特咖哩塊:3-4塊', '水:適量', '黑胡椒粒:少許', '青蔥(蔥花):1根', '米酒:1大匙', '太白粉(玉米粉):1大匙', '醬油:0.5大匙', '鹽:少許', '胡椒粉:少許']"
207,"['白飯:2碗', '壽司海苔:2片']"
208,"['絞肉(偏瘦一點的):180-200g', '番茄:1顆', '蒜頭:6瓣', '辣椒:1/3支', '九層塔:12-15片', '米酒:1大匙', '醬油:20ml', '魚露:15ml', '糖:1/2小匙', '檸檬汁:10ml']"
209,"['大白菜:6片', '香菇 (乾燥或新鮮均可):3大朵', '米粉 (約300g):1包', '豬肉 1盒，肉末或肉絲均可:350g', '紅蘿蔔:1/4根', '蔥:3根', '蝦米:2大匙', '油蔥酥:2大匙', '醬油:1大匙', '太白粉:1大匙', '水:1大匙', '蠔油:2大匙', '鹽:1大匙', '胡椒粉:1大匙']"
210,"['溫熱白飯:2碗', '肉絲:1~2小把', '香菇 (切絲):2朵', '櫻花蝦:2小撮', '油蔥:1大匙', '醬油:1/2小匙', '酒:1/2小匙', '太白粉:少許', '醬油:2大匙', '酒:1/2大匙', '香油:1/2大匙', '糖:1/2小匙', '白胡椒:一些', '鹽:一些']"
211,"['馬鈴薯:1顆', '雞蛋:1顆', '鹽巴:少許']"
212,"['鱈魚:一片', '蛤蜊:10個', '小番茄:10個', '洋蔥:1個', '馬鈴薯:1個', '檸檬:1個', '鹽:一些', '白酒:半杯（馬克杯）', '大蒜:3粒', '香菜/九層塔  (可不加):一些', '奶油  (可不加):10克']"
213,"['青椒切絲:1/2顆', '洋蔥切絲:1/4顆', '培根切片:4條', '牛番茄切片:1顆', '小番茄對切:5顆', 'pizza 起司:適量', '印度咖哩粉:適量', '義大利綜合香料:適量', '番茄醬:適量', '高筋麵粉:250g', '速發酵母:3g', '植物油:10ml', '鹽巴:1小匙', '糖:1小撮', '溫開水:135ml']"
214,"['高麗菜(切小片):150g', '?昆布:15~20g', '香油:適量', '醬油:少許']"
215,"['中型蘋果（切小塊）:2個', '水:1杯', '奶油:15g', '肉桂粉:1/2小匙', '糖:30∼40g', '玉米粉:1小', '水:1/2杯']"
216,"['筆管義大利麵:200g', '牛番茄:1顆', '四季豆:10根', '洋蔥:1/4顆', '蒜末:1小匙', '雞腿肉:300g', '[艾菲度]番茄義麵醬:300g', '鹽巴:1小匙', '黑胡椒:適量', '義大利綜合香料:適量']"
217,"['帶殼蝦:14-16隻', '啤酒:150ml', '乾辣椒:1根', '蒜頭:5顆', '糖:適量', '鹽:適量', '黑胡椒:適量', '橄欖油:2大匙', '青蔥:適量']"
218,"['五花肉:兩盒', '黃色小番茄:30顆', '紅色小番茄:30顆', '胡椒粉:適量']"
219,"['馬鈴薯 (隨意切塊):1顆', '香料們:少許']"
220,"['高筋麵粉:250g', '蛋:1顆', '牛奶:150g', '奶油:15g', '鹽:3g', '酵母粉:5g', '糖:1大匙']"
221,"['冷凍毛豆:兩把', '?昆布:兩小撮', '香油:少許']"
222,"['高麗菜:1/4顆', '絞肉:200g', '麵條:2把', '中濃醬:酌量', '日式醬油:酌量', '海苔粉:適量']"
223,"['豆芽:200g', '韭菜或蔥段:2-3根的量', '蒜末:1-2顆量', '蠔油或醬油膏:1茶匙', '醬油:1茶匙', '米酒:1茶匙', '糖(或雞粉1/2茶匙）:1/4茶匙', '水:3湯匙', '鹽:少許', '黑胡椒粉:少許']"
224,"['牛肉:160g', '牛蕃茄3個:約1035g', '洋蔥半個:約245g', '紅蘿蔔半條:約205g', '蘑菇:200g', '高麗菜:150g', '蕃茄醬:3大匙', '開水:600C.C.', '粗粒黑胡椒:1/4小匙', '義式香料:1/4小匙']"
225,"['豆腐:150g', '洋蔥:半顆', '玉米筍:50g', '胡蘿蔔:50g', '蠔油:3匙', '醬油:2匙', '水:100ml', '黑胡椒:適量', '糖:10CC', '太白粉:1小匙']"
226,"['蛤蜊:400g', '蒜頭10大瓣:25g', '蔥:1支', '辣椒:1根', '醬油膏:2大匙', '開水:2大匙', '砂糖:2大匙', '麻油:1/4小匙', '鹽:1/4小匙', '白胡椒粉:少許']"
227,"['高麗菜:100g', '雞蛋:1顆', '胡蘿蔔:20g', '九層塔:20g', '麵粉:80g', '鹽巴:適量', '食用油:10cc', '水(適量):30cc']"
228,"['櫻花蝦:10~15g', '白飯:1.5碗', '蔥(末):一根', '蒜(末):2辦']"
229,"['昆布高湯:1000 g', '白蘿蔔(切薄片):6片', '紅蘿蔔(切薄片):4片', '高麗菜:一些', '竹輪:2個', '火鍋肉片:4片', '冷凍烏龍麵:2片']"
230,"['白飯:4碗', '高麗菜(洗淨折小葉):4把', '紅蘿蔔(刨絲):半~1根', '醬油膏或蔭油:一些', '醬油:一些', '白胡椒:一些', '油蔥酥:一些']"
231,"['鹹豬肉:300g', '蒜苗:3根', '辣椒:1條', '醬油:1湯匙', '米酒:1小匙', '糖:少許', '香油:少許', '白醋:1小匙']"
232,"['絞肉:300g', '洋蔥丁:1/4顆', '雞蛋（小）:一顆', '麵包粉或低筋麵粉:30g或15g', '牛奶:50g', '鹽:2g', '黑胡椒:少許', '味增（可略）:5g', '洋蔥絲:數根', '蕃茄片:2片', '生菜或其他蔬菜:隨意', '起司片:1片']"
233,"['魚片:一片', '洋蔥（切塊）:1/3顆', '紅、黃椒:各1/2顆', '醋:5g', '糖:15g', '茄泥:10g', '醬油:20g', '水:40g']"
234,"['吐司:4片', '起司片:2片']"
235,"['金針菇:兩把', '鮮香菇:6朵', '豆腐:一塊', '紅蘿蔔:1/2根', '山茼蒿或任何綠色蔬菜:2把', '蒟蒻或冬粉:一把', '火鍋肉片:一盒', '醬油:100ml', '酒:50ml', '米霖:50ml', '水:200~250ml', '糖:10g']"
236,"['昆布高湯:1000cc', '白飯:2碗', '火鍋肉片:6~10片', '皮蛋:一顆', '香油:少許']"
237,"['高湯:600cc', '牛番茄:半顆', '洋蔥（切絲）:1/3顆', '白蘿蔔(切小片):一小段', '海帶芽:一小把', '魚片:一片', '味增:一大匙', '蔥段(可略):一支']"
238,"['高湯:1000g', '牛番茄:一顆', '高麗菜:1/6顆', '洋蔥:1/4', '豬肉火鍋片:4~6', '番茄泥（可略）:3小匙']"
239,"['雞蛋（小型）:三顆', '菠菜:一把', '洋蔥（切丁）:1/5顆']"
240,"['魚片:2', '洋蔥 (切絲):1/4個', '蒜頭 (拍扁):4瓣', '小番茄:5個', '醬油:1~2大匙', '蛤蜊:10個']"
241,"['雞腿肉（切小塊）:一隻', '菠菜:一把', '白蘿蔔（切小塊）:半條', '紅蘿蔔:1/4條', '魚板:8片', '昆布高湯:700g', '日式鰹魚醬油:10g', '普通醬油:10g']"
242,"['蕎麥麵:4人份', '蔥末:少許', '肉片（可省）:8片', '魚板（可省）:8片', '昆布高湯或水:900g', '糖:5g', '日式鰹魚醬油:50g', '普通醬油:50g', '酒:15g']"
243,"['牛腩條:4條', '白蘿蔔（切小塊）:一條', '紅蘿蔔（切小塊）:半條', '薑:2片', '醬油:5匙或75g', '酒:3匙或45g', '米霖:3匙或45g', '糖:5~10g', '水:800g+']"
244,"['小雞腿或雞翅:6隻', '蒜頭（拍扁）:5瓣', '醬油:2匙或30g', '蔭油膏:1匙', '米酒:1匙', '水:50g']"
245,"['肉片:6~10片', '?麴:少許', '蘑菇（或任何菇類）:8朵', '蒜末:2瓣']"
246,"['豬肉絲:150', '片栗粉或太白粉:一些', '豆瓣醬:5g', '味增:10g', '米酒:5g', '水:20g', '糖:5g']"
247,"['雞腿肉或雞胸肉:一片', '蒜末:3瓣', '蘑菇:數朵', '雞高湯或其他高湯:200g', '牛奶:150~200g', '中筋麵粉:20g']"
248,"['魷魚:3條', '烤肉醬:少許', '白芝麻（熟）:適量', '胡椒粉:適量']"
249,"['美濃白玉蘿蔔:3小條', '排骨:1份', '魚丸:3顆', '玉米:1條', '黑輪片:2片', '鹽巴:1.5小匙', '白糊椒粉:撒3下']"
250,"['鮭魚:1片', '蔥 (約3-5支):1 把', '櫻花蝦:1把', '洋蔥:1/2顆', '雞蛋:5顆', '白飯(約2.5-3杯白米):5人份']"
251,"['義大利麵:80g', '小番茄:10顆', '蒸毛豆:30g', '青醬:一匙', '橄欖油:30g', '鹽麴:8g', '檸檬汁:8g']"
252,"['白米:3杯', '乾香菇:5朵', '毛豆仁:100g', '彩椒:半顆', '紅蘿蔔:1條', '杏包菇:1條', '梅精醬油（約50cc):米杯1/4杯', '泡香菇的水:米杯2杯', '水:米杯3/4杯', '小番茄:適量', '燙熟花椰菜:適量']"
253,"['馬鈴薯:2小顆', '紅蘿蔔:2小條', '洋蔥:半顆', '梅花豬肉塊:依個人', '佛蒙特咖哩塊:3塊']"
254,"['麵線:1包', '麻油:1大匙', '薑:1小塊', '醬油膏:適量']"
255,"['魚片:2 片', '米霖:30g', '醬油:30g', '水:30g', '酒:15g', '糖:一咪咪']"
256,"['蝦仁:10~15隻', '薑(泥):一些', '蒜(泥):2~4瓣', '蔥(末):一枝', '雞蛋:一顆', '水:20g', '片栗粉或太白粉:3g']"
257,"['牛腱:1500公克', '洋蔥:1個', '麵粉:適量', '紅蘿蔔:1根', '杏鮑菇:3根', '小蕃茄:約30顆', '月桂葉:約4片', '新鮮迷迭香:3根', '紅酒:600cc', '海鹽:1大匙', '黃砂糖:1小匙', '粗粒黑胡椒:1小匙']"
258,"['火腿片:4片', '永新美式沙拉醬:適量', '起司片:4片', '萵苣絲:適量', '土司:1條']"
259,"['蘑菇（切末）:8朵', '蒜末:4瓣', '高湯:200g', '鮮奶:100g', '鮮奶:100g', '中筋麵粉:20g']"
260,"['馬鈴薯（中型）:1顆', '洋蔥:1/4', '高湯:300g', '鮮奶:300g', '起司片（可省）:1片']"
261,"['馬鈴薯(中型):2個', '起司粉:10~20g', '?:2g', '黑胡椒:適量', '奶油:10g']"
262,"['香腸:4條', '糙米:2杯', '香油:少許', '蒜頭:2瓣', '蔥:1根', '水:3.5杯', '醬油膏或蠔油或蔭油:1湯匙', '米酒:1/2湯匙', '熱水:2湯匙', '香油:少許']"
263,"['五花肉:2條', '洋蔥切絲:半顆', '老薑切片:1小塊', '蒜頭切片:4大辦', '月桂葉:1片', '八角:2顆', '紅棗:4小顆', '肉桂:半片', '冰糖:2大匙', '薄鹽醬油:3大匙', '鹽巴:少許', '胡椒:少許', '水:適量', '金牌台灣啤酒330ml:1罐']"
264,"['紅、黃椒（切條）:各一顆', '梅子醋:15-30g', '橄欖油或香油:15g', '梅子（果肉切碎）:3顆']"
265,"['豆腐:200g', '綠色葉菜（我用油菜）:50g', '小番茄:2顆', '高湯:200g', '醬油:10~20g', '片栗粉或:3-5g']"
266,"['青椒:一顆', '柴魚:一些', '香油:一些', '高湯:30g', '糖:5g', '酒:3g', '醬油:3g', '烏醋:1~2滴（1g）']"
267,"['絞肉:300g', '蔥（切末）:一隻', '薑（磨泥或切末）:10g', '豆瓣醬:10g', '香油:10g', '味增:60g', '酒:60g', '糖:15g', '醬油:10g']"
268,"['蕎麥芽:少許', '甜蝦:數尾', '鯛魚片:1條', '蟹肉棒:數條', '西洋梨:一顆', '檸檬:半顆', '甜橙:一顆', '健康廚房泰式甜辣醬:30CC', '檸檬汁:半顆', '南投溫室百香果:3顆']"
269,"['蛤蠣:10-15顆', '蔥花:一小碗', '蒜末:2-3瓣', '辣椒:適量', '米酒:2大匙', '檸檬:1/4顆', '無鹽奶油:1小匙']"
270,"['小番茄:10~15顆', '蒜頭（切丁）:4∼5瓣', '初榨橄欖油（Extra）:30g', '純橄欖油（Pure）:30g', '羅勒（切碎）:10~15枚', '鹽:1g', '黑胡椒:一咪咪']"
271,"['霜降火鍋牛肉片:200g', '低鹽醬油:3大匙', '米酒:2大匙', '韓國麻油:1大匙', '蜂蜜:1.5大匙', '水梨:1/2個', '蒜頭:3瓣', '雞蛋:2個', '鹽:1/2小匙', '太白粉:1小匙', '水:一大匙', '胡蘿蔔:1/2 根', '韓式麻油:1 小匙', '砂糖:1小匙', '低鹽醬油:1大匙', '白芝麻:適量', '小黃瓜:1條', '煮熟米飯:1.5碗', '鹽:1小匙', '韓國麻油:1大匙', '壽司用海苔:3張']"
272,"['洋蔥丁:1/4個', '紅蘿蔔(切丁):1/3條', '牛番茄:1/3個', '玉米粒(罐頭):1/2罐', '毛豆:一小把', '高湯:約400ml']"
273,"['香蕉:100g', '雞蛋:2顆', '牛奶:30g', '低筋麵粉:30g', '鹽:手抓一小撮']"
274,"['咖哩塊:半盒', '雞肉:1/4-1/2隻雞', '馬鈴薯:兩顆(小)', '紅蘿蔔:1條', '洋蔥:半顆', '水(川燙用):一鍋', '水(煮咖喱用):淹過食材即可']"
275,"['義大利麵（煮軟）:2人份', '蒜(片):3個', '洋蔥（切絲）:1/2個', '小熱狗（切塊）:4條', '青椒（切條）:1個', '小番茄 (對切):8個', '番茄醬:2~3大匙', '番茄泥:2~3大匙', '雞蛋（可略）:2個']"
276,"['香蕉:2條', '植物油:一些', '奶油（可省）:3~5g', '砂糖:一些']"
277,"['鮮蝦:300g', '啤酒:250ml', '大蒜:3瓣', '青蔥:2支', '薑片:5片', '辣椒:少許', '鹽:少許']"
278,"['紅椒:半顆', '櫛瓜:1條', '洋蔥:半顆', '黃椒:半顆', '燈泡茄:半顆', '橄欖油:少許', '鹽和黑胡椒:少許', '巴塞米醋:1/2大匙', '檸檬:1/2大匙', '初榨橄欖油:1大匙', '大蒜:1瓣', '奧勒岡:少許']"
279,"['蝦仁:一些', '洋蔥 (切絲):1/2顆', '蒜頭 (切丁):5瓣', '小蕃茄或牛番茄:8小顆或一大顆', '義大利麵:2人份', '蕃茄泥:2大匙', '高湯或水:一些']"
280,"['片栗粉或太白粉:少許', '絞肉:250g', '洋蔥(切丁):1/6顆', '鹽:1g', '蛋(小顆):1顆', '味噌:一小匙(5g)', '高湯+水:共350g', '米霖:一大匙(15g)', '醬油:兩大匙(30g)', '砂糖:一小匙(5g)']"
281,"['洋蔥(切丁):1/4顆', '米:1杯', '高湯或水:600ml', '起司粉:一些', '青醬:2~3匙', '白酒(可省):40ml', '義式香料(可省):一些']"
282,"['雞胗:300g', '蔥白:1支', '米酒:1大匙', '薑片:5片', '蒜泥:2瓣', '蔥末:1根', '香菜/芹菜:1大把', '辣椒:1根', '黑麻油:1大匙', '芝麻(可省略):1大匙', '醬油:1大匙']"
283,"['蛤蜊:半斤', '絲瓜:兩條', '薑片:適量', '水:100cc']"
284,"['1.豬絞肉:250g', '2.薑(切末):一片', '3.蒜(切末):2瓣', '4.片栗粉:5g', '韭菜:2~3隻']"
285,"['香油:少許', '肉絲:一些', '香菇 (泡軟切絲):10朵', '紅蘿蔔 (切絲):一些', '片栗粉或太白粉:適量', '雞蛋 (打散):1顆', '青蔥:一些', '醬油:2小匙', '黑醋:1小匙', '白醋(蘋果醋等亦可):2小匙', '鹽:適量', '黑胡椒:適量', '白胡椒:適量']"
286,"['香油:一些', '蒜末:5瓣', '薑末:一些', '絞肉:300g', '豆腐（切塊或丁）:一塊', '片栗粉或太白粉:一些', '蔥花:一枝', '豆瓣醬:1~2匙', '花椒（可略）:3粒', '豆鼓（可略）:5粒', '醬油:少許', '（素）蠔油:一匙', '糖:一些']"
287,"['雞肉 (或小熱狗):150g(或2條)', '馬鈴薯(可略):一顆', '紅蘿蔔(可略):一些', '洋蔥:1/3顆', '青花菜:1/2朵', '鮮奶:200g', '中或低筋麵粉:1.5大匙']"
288,"['白飯:120公克', '方形海苔片:ㄧ張', '白蝦:4隻', '或鰻魚:3片', '或豬肉片:3片', '生菜葉:數片', '松子青醬:2大匙']"
289,"['蛤蜊 (吐沙):15~20', '蒜末:5瓣', '紅辣椒丁:2~3丁', '酒:少許', '青蔥:一些', '奶油:一小塊']"
290,"['雞蛋 (打散):3顆', '鴻喜菇或柳松菇:一包', '醬油:一些', '蠔油(可省):一些', '黑醋:幾滴', '糖:少許', '片栗粉(日本太白粉):少許']"
291,"['玉米罐頭:1瓶', '高湯:一些', '鮮奶:一些', '起司片或起司條 (切小丁):1~2片', '鮮奶:20g', '中筋麵粉:10~20g']"
292,"['三色丁:40g', '蛋餅皮:2片', '紅椒:適量', '起司絲:80g~100g', '水煮鮪魚罐頭:90g/1罐', '洋蔥(切碎):10g', '美式沙拉醬:2匙', '咖哩粉:1小匙', '檸檬汁:1/2小匙']"
293,"['冬瓜:2塊', '純黑糖:10匙', '紅冰糖:10匙', 'Dowai全營養萃取鍋:1台', '果汁機:1台']"
294,"['馬鈴薯片:230g', 'Mozzarella起司絲:120g', '燙菠菜(切碎,水份擠乾):160g', '番茄切片:2小顆/90g', '洋蔥(切碎):100g/1/4顆', '葵瓜子/堅果/松子:30g', '蘑菇切片(不要洗):60g', '巴西利:少許', '鹽巴:少許', '胡椒:少許', '雞蛋:6顆', '鮮奶:120ml', '永新日式沙拉醬/鮮奶油:120ml']"
295,"['豬絞肉:300g', '洋蔥 (切丁):半顆', '蕎麥、低筋麵粉或麵包粉:3大匙', '鮮奶:3小匙', '小型雞蛋 (可略):一顆', '酒:10g', '醬油:30~40g', '米霖:30g', '糖:5g', '片栗粉:10g', '水:150g']"
296,"['白飯:2碗', '小黃瓜 (刨成條狀):一條', '起司:一片', '保鮮膜:幾片', '咖哩粉或薑黃粉:一些', '日式醬油:一點', '橄欖油:1小匙', '果醋或壽司醋:一些', '拌飯香鬆:一些']"
297,"['酪梨:一顆', '佃煮海苔絲:一些', '香油:少許', '白芝麻:一點']"
298,"['白飯:200g', '洋蔥(切丁):1/3顆', '小熱狗或雞肉:120g', '蔬菜:隨意', '番茄醬:2大匙', '奶油:20g', '雞蛋:2顆', '牛奶:1小匙', '鹽:<1g', '黑胡椒:少許', '番茄醬:2大匙', '水:2小', '奶油:2~3g', '糖 (可略):1/3小匙', '酒:2大匙', '鹽、胡椒:少許']"
299,"['豬里肌肉片:8片', '雞蛋:2顆', '低筋麵粉:一些', '新鮮吐司（大片）:5片']"
300,"['洋蔥(切小丁):1/4顆', '馬鈴薯(切小丁):1顆', '高湯:一些', '綜合蔬菜丁:一些', '蛤蜊:8個', '中捲:一隻', '鮮奶:200g左右', '鮮奶:50g', '中筋麵粉:20g以上']"
301,"['生米/糙米:一杯', '蛤蜊:600 g', '中卷:大2隻或小5隻', '鮮蚵:300g', '薑:2片', '蔥段:一隻', '油蔥(可省):一匙']"
302,"['肉類:400克', '馬鈴薯:3個', '紅蘿蔔:2根', '洋蔥:1個', '日式咖哩磚:6小磚', '沸水:800毫升']"
303,"['橄欖油:一些', '巴撒米克醋:幾滴', '帕馬森起司粉:少許', '蒜末:一瓣', '黑胡椒:一些']"
304,"['橄欖油:一些', '乾羅勒葉:一些', '乾迷迭香:一些', '鹽:一些', '黑胡椒:一些', '大蒜末:一瓣', '紅辣椒粉（可省）:一些']"
305,"['雞蛋:1顆', '鮮奶:200g', '低筋麵粉:80g', '糖:10~20g', '鹽:一咪咪', '融化奶油或植物油:20g']"
306,"['迷迭香烤雞肉(切小塊):適量', '中型洋蔥 (切丁):1/3顆', '紅蘿蔔 (切丁）:少許', '高麗菜:適量', '青花椰菜:1/2顆', '鮮奶:100g', '莫札瑞拉或起司片 (可略):50g', '鮮奶:70g', '中筋麵粉:10g']"
307,"['火鍋薄肉片:200g', '中型馬鈴薯（切塊）:1個', '中型紅蘿蔔（切塊）:1/2條', '洋蔥 (切絲):1/2個', '醬油:2大匙', '米霖:1大匙', '米酒:2大匙', '糖:1/3大匙']"
308,"['雞腿骨切塊:4人份', '麻油:一些', '老薑片:8片(自行斟酌)', '紅棗:6顆(自行斟酌)', '枸杞:一把', '黃耆:4~6片']"
309,"['吳郭魚片:2片', '中筋麵粉:少許', '牛番茄:1個', '小黃瓜:1條', '全麥潛艇堡包:2個', '小型水煮蛋(切丁):2個', '美乃滋:酌量', '檸檬汁或醋:依喜歡增減', '洋蔥丁:1/4個', '鹽:少許', '黑胡椒:少許', '乾香料（可略）:例如巴西里等']"
310,"['蛤蜊:600g', '中型洋蔥(切丁):1顆', '大型馬鈴薯(切小塊):1顆', '鮮奶:100g', '鮮奶油(可略):一些', '莫札瑞拉起司(切小塊):50g', '鮮奶:70g', '中筋麵粉:10~20g']"
311,"['翼阪牛排一塊:500克', '洋蔥:1顆', '蒜頭:2瓣', '奶油1小塊:約10克', '熱炒油:適量', '蠔油:3大匙', '醬油:1大匙', '黑胡椒:1/2大匙', '醬油:1大匙', '米酒1大匙:1大匙', '白胡椒:適量', '太白粉:1大匙']"
312,"['1. 洋蔥:1/2', '2. 蒜頭:5瓣', '3. 小番茄(對半切):8個', '4. 絞肉:隨意', '義大利麵:四人份', '高湯:少許', '蕃茄泥:三大匙']"
313,"['蒜頭:4瓣', '草蝦或白蝦:約20隻', '啤酒:1/3罐', '鹽:1小匙']"
314,"['雞柳條:250g', '四季豆:7支', '辣椒:2支', '九層塔:10片', '棕椰糖:1大匙', '魚露:1大匙', '綠咖哩:1.5大匙', '椰漿:200', '水:200']"
315,"['洋蔥 (切丁):1/4顆', '高湯:150g', '水:150g', '無糖豆漿:150g', '起司 (切小片):一片', '玉米罐頭:一罐', '豆漿:100g', '中筋麵粉:10g']"
316,"['牛奶:500ml', '紅茶包:1個', '砂糖:2大匙', '水:1大匙']"
317,"['鹽、黑胡椒:少許', '義大利麵:３人量', '濃湯罐:一罐', '牛奶（可有可無）:少許', '金針菇（可加可不加）:少許', '鮮食家冷凍鮮蝦仁:300g', '鮮食家鮮甜蟹管肉:150g', '鮮食家有機綜合時蔬:1000g', '以上都是兩道菜量~~:請適量']"
318,"['蒜瓣:3~5瓣', '橄欖油:少許', '鹽:少許', '鮮食家冷凍鮮蝦仁:300g', '鮮食家鮮甜蟹管肉:150g', '鮮食家有機綜合時蔬:1000g', '以上都是兩道菜量~~:請適量']"
319,"['金針菇:適量', '蛋:1顆', '起司:1片', '油:適量', '白胡椒:少許', '鹽:少許', '吐司:2片']"
320,"['牛番茄 (切塊):2顆', '洋蔥 (切絲):半顆', '蒜頭（切片）:６瓣', '義大利麵:２人份', '蕃茄泥:2大匙', '蛤蜊:約１５個', '各式香料(可省):一些']"
321,"['蛤蜊:8~10個', '洋蔥(小，切丁):1/4顆', '牛奶:一杯', '起司片:一片', '牛奶:1/4杯', '中筋麵粉:1~2大匙']"
322,"['白酒:500g', '番茄醬:300g', '迷迭香:適量', '奶油:1/4小條', '大蒜:1顆', '雞腿:4隻', '洋蔥:3/4顆', '西洋芹:一根', '蘑菇:一盒', '紅椒:半顆']"
323,"['絞肉:300g', '豆腐:一塊', '薑末:少許', '蒜末:約6瓣', '味增:1/2匙']"
324,"['白米:2杯', '雞胸肉:隨意', '甜椒:隨意', '洋蔥:隨意', '小黃瓜:隨意', '香菇:隨意', '三杯青醬:3 table']"
325,"['義大利直麵:250g', '牛番茄:3顆', '蛤蠣:一斤', '蝦子:300g', '洋蔥:半顆', '蒜末:4瓣', '高湯:300ml', '清水:300ml', '番茄糊:1大匙', '鹽巴、黑胡椒:適量']"
326,"['起司片:一片', '樂天餅乾棒:一隻']"
327,"['豬絞肉:50元', '蒜仁:8小顆', '辣椒:半根', '九層塔葉子:一把', '牛番茄:半顆', '米酒:1匙', '魚露:2匙', '醬油:2匙', '糖:半匙', '檸檬汁:1匙']"
328,"['泡菜:180g', '白飯:2碗', '培根:80g', '蔥:適量', '白糖:1t', '荷包蛋:2個', '海苔粉:適量']"
329,"['柴魚:少許', '日式醬油:少許']"
330,"['1. 豬絞肉:300g', '2. 小番茄(對半切):6~10顆', '3. 蒜頭 (切片):5瓣', '4. 辣椒:1/4根(自訂)', '5. 九層塔:一把', '1. 米酒:10g', '2. 醬油:20g', '3. 魚露:20g', '4. 糖:3g', '5. 檸檬汁/或醋:半顆/0.5~1小匙']"
331,"['白米:2.5杯', '薑:適量', '蒜頭:適量', '米酒:1瓶', '去骨雞腿肉:適量', '沙拉油:少許', '水:適量', '鹽:少許']"
332,"['白米:1杯', '糙米:0.5杯', '麻油:一些', '薑:一片', '香菇:6~8朵', '櫻花蝦或金鉤蝦:酌量', '高湯＋水:1.5∼1.8杯', '醬油:15g', '白胡椒:一些']"
333,"['冷凍水餃:10顆', '水:200g', '中筋麵粉:10~15g']"
334,"['馬鈴薯:1顆', '胡蘿蔔:1小塊', '小黃瓜:1條', '水煮蛋:2顆', '【桂冠】原味沙拉醬:適量', '檸檬汁:1大匙', '白胡椒（可無）:少許']"
335,"['雞肉連骨切塊:500g', '馬鈴薯:1顆', '洋蔥:1/2顆', '紅蘿蔔:1/3條', '培根:2條', '大蒜:2瓣', '鹽:1小匙', '新鮮迷迭香2支或乾燥迷迭香:1/2小匙', '匈牙利紅椒粉:2大匙', '橄欖油:2大匙', '辣椒粉:1小匙', '黑胡椒:適量', '鯷魚:兩條']"
336,"['蛋:3顆', '中筋麵粉:200g', '糖:30g', '鹽:1g', '鮮奶油(可略):5~10g', '香草籽(可略):半支', '牛奶:350g', '融化奶油或植物油:25g']"
337,"['筆管麵:4人份', '蝦仁:一些', '洋蔥 (切丁):1/2顆', '中筋麵粉:30g', '高湯 (也可以水取代):一些', '牛奶:200g', '奶油:10g', '莫札瑞拉起司:少許']"
338,"['火鍋豬肉片:一盒', '紅椒:1/2個', '黃椒:1/2個', '洋蔥:1/4個']"
339,"['豬絞肉:300g', '紅蔥頭:2粒', '洋蔥:30g', '蔥花:30g', '香菜梗:15g', '九層塔:1把', '檸檬汁:少許', '卡哩餅乾:50g', '白胡椒粉:1/2茶匙', '鹽巴:1/2茶匙', '雞蛋:1顆', '打拋醬:2大匙', '糖:少許', '泰式魚露:1茶匙', '高湯:100cc']"
340,"['雞里肌肉塊:300g', '熟花生米（去皮）:100g', '白芝麻:50g', '蒜瓣:4個', '蛋:1顆', '醬油膏:5大匙', '胡椒鹽:1/4茶匙', '香油:1大匙', '香菜末:少許']"
341,"['水煮鮪魚:70g', '味噌:1.5小匙', '美乃滋:1小碗', '小黃瓜:1/2支', '水煮蛋:1顆', '酪梨(切片):1/2顆', '番茄醬:1小匙', '白飯:300g', '鹽巴:少許', '黑胡椒:少許', '壽司海苔片(大):2張', '白芝麻:1/4小匙']"
342,"['義大利白豆:1罐', '培根:100g', '西洋芹:40g', '紅蘿蔔:40g', '蒜末:2瓣', '乾的月桂葉:1葉', '巴西里:30g', '切碎番茄罐頭:400g', '高湯:1500cc', '帕瑪森起司:適量', '彎管麵:1碗']"
343,"['1.小肉丸材料：:如下', '(1) 絞肉:一些', '(2) 醬油:少許', '2. 蔬菜湯材料：:如下', '(1) 洋蔥:1/2顆', '(2) 牛番茄:1顆', '(3) 高麗菜:1/3顆', '(4) 番茄泥:2匙']"
344,"['冷凍餃子(不需退冰):數顆', '麵粉:適量', '開水:適量', '油:少許']"
345,"['吐司:2片', '蕃茄、生菜、蛋、起司、火腿..:等']"
346,"['1. 日式醬油:30g', '2. 味霖:15g', '3. 糖:3g', '4. 烏醋（可省）:幾滴', '5. 開水:60g', '6. 鹽:1 g', '7. 黑胡椒:一咪咪', '8. 芥末籽醬(亦可略):2g', '9. 白芝麻:少許']"
347,"['蛋:3顆', '牛奶或高湯:50g', '美乃滋:15g', '糖(可略):1g', '醬油:1/2小匙']"
348,"['白蝦:23隻', '金牌啤酒(小瓶):半瓶', '嫩薑:5片', '枸杞:1小把', '蒜頭:3瓣', '青蔥:少許']"
349,"['鮭魚:1片', '洋蔥末:1/4顆(約70g)', '蔥:2支', '白飯:約3-4人分', '辣椒末:少許', '鹽:適量', '白胡椒:適量', '糖:適量', '米酒:1大匙', '鹽:適量', '白胡椒:少許']"
350,"['蛤蠣:1斤', '米酒:1米杯', '和風醬油:1小匙', '奶油:5g', '檸檬:1小片', '九層塔:少許', '薑末:1大匙', '蒜末:1大匙', '辣椒末:1大匙']"
351,"['蛤蠣:1台斤', '蒜末:3瓣', '台灣之美白葡萄酒:少許', '醬油、味琳:1小匙', '蔥末:適量', '無鹽奶油:1小塊']"
352,"['新鮮生干貝:數個', '檸檬皮 或/及 香菜:少許']"
353,"['生米:300g', '洋蔥 (切絲):中1顆', '蒜頭 (切小片):5瓣', '不甜白酒或米酒:240cc', '高湯:800~1000cc', '無鹽奶油:35g', '帕瑪森起司粉:35g', '青醬:幾匙', '蛤蜊:約40個']"
354,"['無毒大草蝦:10', '蔥、薑、蒜、胡椒、鹽:隨意', '金牌台啤:1罐']"
355,"['活蝦:300g', '啤酒:200cc', '辣椒:1支', '蒜末:5瓣', '蔥段:適量', '鹽:5g']"
356,"['香蕉:1條', '吐司:2片', '巧克力抹醬:一些']"
357,"['動物性鮮奶油:60g', '(有機)無糖可可粉:20g', '糖:25~30g']"
358,"['螺旋麵:兩人份', '青醬:適量', '小番茄 (對半切):10顆', '莫札瑞拉起司:4片']"
359,"['鬆餅粉:150g', '牛奶:依鬆餅粉包裝指示', '雞蛋:依鬆餅粉包裝指示', '雞蛋:2顆', '鮮奶油(可省):20g', '鮮奶:70g', '融化奶油或植物油:30g', '香草籽(可省):半條', '糖:40~50g', '中筋或低筋麵粉:150g', '泡打粉:5g', '鹽:1g']"
360,"['蛋 (麵糊1/煎蛋1):2顆', '牛奶 或 水:150g', '中筋麵粉:90g', '玉米粉:10g', '鹽:少許', '蔥花:2根']"
361,"['大蛤蠣:1斤', '蒜頭:4-5顆', '蔥花:隨意', '米酒:2/3碗']"
362,"['豬絞肉:300g', '番茄（切丁）:1/2顆', '蒜頭（切末）:6?7瓣', '辣椒（切末）:1/2根', '九層塔葉:15~20片', '米酒:15cc', '醬油:20cc', '魚露:20cc', '糖:3g', '檸檬汁:15cc']"
363,"['雞胸或雞腿肉:一片', '蒜頭 (切片):4瓣', '高湯:200g', '義大利麵:兩人份', '檸檬汁:5~10 g']"
364,"['小黃瓜:1條', '青江菜:3朵', '雞蛋:2顆', '雞腿排:1片', '鮭魚:1小塊', '明太子:適量', '白飯:3碗', '海苔片:3片']"
365,"['馬鈴薯:一顆', '洋蔥:半顆', '牛奶:一些', '中筋麵粉:少許']"
366,"['火鍋豬肉片或牛肉片:1盒', '老豆腐:1盒', '洋蔥:1顆', '金針菇或鴻禧菇:2包', '蒟蒻絲:1包', '生菜、白菜或高麗菜:半顆', '醬油:4大匙', '柴魚高湯:3大匙', '味醂:2大匙', '米酒:2大匙', '糖:1大匙']"
367,"['長棍麵包:4人份', '奶油乳酪:一包', '蘋果:數顆', '草莓:數顆', '香蕉:數根', '奇異果:數顆', '糖:一包', '肉桂粉:少許']"
368,"['去骨雞腿肉:1隻', '洋蔥:1顆', '牛番茄:1顆', '番茄醬或番茄泥:2匙']"
369,"['義大利麵:三人份', '小黃瓜:1條', '青醬:適量', '小番茄:8~10顆']"
370,"['吐司:4片', '香蕉:2根', '蛋奶汁::如下:', '蛋:1顆', '牛奶:70g', '糖:10g']"
371,"['麵條:2把', 'costco有機雞湯或自製高湯:半瓶', '洋蔥:半個', '牛番茄:一顆', '高麗菜:1/4顆', '肉片:6片', '菇菇:一盒']"
372,"['美白菇:0.5包', '鴻禧菇:0.5包', '蛤蠣:20顆', '老薑:1小塊', '青蔥:1-2根', '水:約800cc', '米酒:1-2大匙', '鹽:少許', '麻油或香油:少許']"
373,"['蝴蝶麵:200g', '紫洋蔥:半個', '小番茄:隨意', '法式香草風味料粉:一些', '* 醬汁:材料：', '1. 葡萄醋或任何果醋:5g', '2. 芥末籽醬:20g', '3. 橄欖油:25g', '4. 帕瑪森起司粉:25~30g']"
374,"['冷凍水餃:12顆', '沙拉油:1大匙', '熱水:50CC', '芝麻油:1小匙', '醬油:1小匙', '白醋:1小匙']"
375,"['吐司:1片', '雞蛋:1顆', '焗烤用乳酪絲:少許']"
376,"['白飯或糙米魬:2∼3碗', '鮭魚（厚片）:一片']"
377,"['一般陽春麵或白麵條:2人份', '咖哩塊:2塊', '蘑菇:3朵', '紅蘿蔔:適量', '四季豆:適量', '中型洋蔥:半個', '番茄:1個', '雞蛋:2個', '鹽巴:少許', '胡椒粉:少許']"
378,"['雞腿肉:150g', '★醬油:1/2大匙', '★酒:1/2大匙', '★味醂:1/2大匙', '★砂糖:適量', '★鹽:適量', '★咖哩粉:1小匙', '沙拉油:1大匙', '麵粉:1小匙']"
379,"['洋蔥:1/3顆', '薄肉片:8~10片', '菇類:隨意', '無糖豆漿:蓋過食材', '高湯:蓋過食材']"
380,"['義大利麵:一把', '小番茄:6顆', '小黃瓜:半根', '檸檬:半顆', '黑胡椒:適量', '乾巴西利:適量', '橄欖油:兩茶匙']"
381,"['地瓜:400g', '地瓜粉:70g', '低筋麵粉:20g']"
382,"['去骨雞腿排:4隻', '新鮮迷迭香:15支', '米酒:2大匙', '鹽:1小匙', '黑胡椒:一些']"
383,"['白飯:2碗', '蔥花,洋蔥:適量', '雞蛋:2顆', '香腸:3條', '醬油,鹽巴,白胡椒:適量']"
384,"['苦瓜:1條', '鹹蛋:2顆', '蒜末:1小匙', '蔥花:少許', '辣椒:少許', '米酒:1小匙', '糖:適量']"
385,"['洋蔥(切絲):1/2個', '蒜瓣:10個', '牛番茄 (切6~8塊):2個', '蘑菇 (對半切):10個', '青花菜:6~8小朵', '蝦仁:8~10尾', '中卷 (切段):2隻', '義大利麵條:2人份']"
386,"['雞蛋:4顆', '糖:４０克', '米霖:30克', '蜂蜜:30克', '日式醬油:4克', '水:120克', '中筋麵粉:200克', '泡打粉 (可略):5g']"
387,"['去骨雞腿:4人份', '蒜瓣:10個', '小番茄（切半）:6~8顆', '泰式咖哩粉:一些', '椰奶:70~100ml', '魚露:幾滴', '檸檬葉:幾片', '九層塔:4朵', '蔬菜（茄子、櫛瓜、花菜...）:一些']"
388,"['雞肉:200g', '馬鈴薯:1.5顆', '紅蘿蔔:半條', '洋蔥:半顆', '咖哩塊:4小塊', '水:適量', '蒜頭:適量', '醬油:2大匙', '米酒:1大匙', '白糊椒:適量']"
389,"['米:2杯', '洋蔥:1顆', '小蕃茄（切半）:6~8顆', '蒜頭:5~10瓣', '白酒:1米杯', '高湯（煮開蛤蜊的湯汁）:3米杯', '蝦仁:10隻', '中卷（切）:4條', '蛤蜊（吐沙）:15~20個']"
390,"['白米:2杯', '水:4杯', '鮭魚(無刺):適量', '好菇道:2包', '北海道奶油濃湯塊:1/4盒', '小磨坊粗粒黑胡椒粉:適量', '蒜苗:適量']"
391,"['蛤蜊:1斤', '蒜末:5瓣', '蔥花:1支', '無鹽奶油:1大匙', '米酒:2大匙', '醬油:1小匙', '辣椒:適量']"
392,"['麻油:1大匙', '老薑:1塊', '有機蛋:1顆', '麵線:1人份', '黑豆酒:2大匙', '鰹魚粉:1匙']"
393,"['蘿蔔糕:400g', '青蔥:1把', '蛋:3顆']"
394,"['洋蔥:半顆', '隔夜飯:約三碗', '雞蛋:2顆', '香腸:2~3條', '蠔油:酌量', '胡椒粉:酌量', '蔥花:酌量']"
395,"['梅花豬肉片:150g', '青蔥:5支', '醬油:1.5大匙', '味醂:1大匙', '米酒:1大匙', '糖:1小匙', '水:1大匙']"
396,"['磨菇:300g', '青花菜:半顆', '洋蔥丁:1/3~1/4顆', '牛奶:300g', '中筋麵粉:20g', '起司片(切小塊):一片']"
397,"['培根丁:3~4條', '蒜瓣:10~15顆', '洋蔥:1/4顆', '義大利麵:2人份', '小番茄 (對半切):數顆', '蒸熟毛豆:一小碗']"
398,"['吐司:2~3片', '雞蛋:２顆', '牛奶:50 g', '糖:30g或隨意', '奶油:15g', '糖粉 (完成後使用):少許', '蜂蜜或楓糖 (完成後使用):一些']"
399,"['洋蔥:半顆', '牛番茄:大一顆', '高麗菜:中型1/3顆', '馬鈴薯:1顆', '紅蘿蔔:1顆', '小熱狗:3條(可省)', '有機蕃茄泥:2大匙']"
400,"['70％巧克力:50g', '奶油:20g', '鮮奶油:35g', '鮮奶:35g']"
401,"['雞蛋:1顆', '中筋麵粉:100g', '水:150g', '鹽:1g', '玉米粉:2g', '蔥花:兩根']"
402,"['義大利麵:3~4份', '蒜頭:5~10瓣', '洋蔥:半顆', '蛤離:20~30顆', '紅蘿蔔圓切(蒸軟):2~5片', '*白醬:材料', '奶油:20g', '中筋麵粉:20g', '牛奶:150~200g', '洋蔥丁:少許']"
403,"['豬肉片:150g', '薑泥:1大匙', '醬油:2.5大匙', '味醂:2大匙', '糖:1小匙', '米酒:1大匙', '蒜泥:0.5小匙', '水:3大匙']"
404,"['牛奶:150cc', '燕麥片:約30g', '奶粉:30g', '核桃:5顆']"
405,"['豬肉片:300g', '洋蔥(切絲):1顆', '片栗粉:10g', '薑泥:25g', '糖:20g', '醬油:60g', '味霖:40g', '酒:40g']"
406,"['各種菇類都可以:適量', '醬油:1大匙', '水:5大匙', '米霖:1/2大匙', '酒:1/2大湯匙', '糖:1~2g']"
407,"['義大利麵:3~4把', '小番茄或牛番茄:一些', '蕃茄泥:一大匙', '蒜瓣:5~10顆', '洋蔥:半顆', '小卷:3~4條', '糖、鹽、香料鹽等:適量']"
408,"['麻油:一些', '薑片:4~5片', '豬肉片:一盒', '大白菜:4大葉', '麵線:3~4把']"
409,"['馬鈴薯:2顆', '鹽:1~2 g', '黑胡椒:一些']"
410,"['中筋麵粉:150g', '無鋁泡打粉:5g', '牛奶:170~200g', '雞蛋 (中):2顆', '新鮮香草籽(可略):1/2~1條', '砂糖或蜂蜜:30g或15g']"
411,"['洋蔥丁:1/4個', '高麗菜(小棵):1/3個', '中筋:15g', '鮮奶:150g', '起司片切丁:2片', '鹽與黑胡椒:調味用']"
412,"['牛腱條:800~1000g', '牛番茄:大2顆', '白蘿蔔:1條', '蔥:2~3根', '薑:3片', '八角:1個', '主婦聯盟滷包:1個', '醬油:酌量', '冰糖:一些', '酒:一些']"
413,"['洋蔥丁:1/4顆', '玉米粒罐頭:1罐', '中筋麵粉:10~15g', '鮮奶:150g', '起司片切丁:1~2片', '無糖優格（可省）:20g 或酌量', '鹽:一些', '黑胡椒:一些']"
414,"['雞腿肉:2隻', '洋蔥:3分之1顆', '青蔥:1枝', '蛋:2顆', '柴魚醬油:4大匙', '味醂:3大匙', '米酒:1.5大匙', '水:150ml']"
415,"['豬里肌肉絲:150g', '豆干:5片', '大蒜末:3瓣', '辣椒絲:1根切絲', '蔥絲(配色用):1根切絲', '醬油:1大匙', '蠔油 (醬油膏也可:1大匙', '太白粉:1小匙', '醬油:1大匙', '清水:1大匙']"
416,"['肉鬆.火腿.起司:適量', '白吐司:4片', '雞蛋:2顆', '牛奶:50ML', '油(可省略):1小匙', '青蔥(切珠):2支']"
417,"['蝦子:20隻', '啤酒:350 c,c', '蒜頭、辣椒:適量']"
418,"['蛤蜊:半斤', '蒜頭:2瓣', '蔥花:少許', '米酒:60~80 c.c.']"
419,"['蛤蠣:15顆左右', '絲瓜:中型1條', '薑絲:少許', '米酒:少許', '鮮味炒手:少許']"
420,"['低筋麵粉（約70g):3/4米杯', '雞蛋:2顆', '熟香蕉（中）:2根', '細砂糖:1大匙']"
421,"['博士蝦(明蝦):1盒', '鹽巴:酌量', '蒜末:酌量', '蔥末:兩枝', '奶油:酌量', '胡椒:酌量']"
422,"['去邊土司:2片', '火腿:2片', '起司:2片', '麵粉:少量', '胡椒粉:少許']"
423,"['新鮮白蝦:500g', '薑片:10片', '麻油:2大匙', '米酒:半瓶(300ml)', '枸杞:1大匙', '紅棗:3顆']"
424,"['蛤蜊:600g', '絲瓜:1條', '薑絲:少許', '米酒:半杯', '鹽:少許']"
425,"['筊白筍:5枝', '鹹蛋:2顆', '蔥花:適量', '辣椒:1根', '蒜頭:3瓣']"
426,"['梅花肉:300克', '馬鈴薯:2顆', '紅蘿蔔:1條', '洋蔥:2顆', '辣椒(可省略):少許', '咖哩塊:4小塊', '糖:1小匙', '醬油:1小匙', '黑胡椒:1/2小匙', '蘋果:適量', '養樂多或優格:適量', '咖啡粉:適量', '巧克力:適量']"
427,"['全麥醇奶吐司:2片', '花生醬:適量', '有鹽奶油:適量', '各種起司(至少三種):適量']"
428,"['泡菜:半杯', '燻肉:3片', '雞蛋:1個', '白飯:1碗', '蔥:一些']"
429,"['中筋麵粉:360g', '糖:4大匙', '泡打粉:2小匙', '小蘇打粉:1小匙', '鹽巴:0.5小匙', '鮮奶:300-320g', '蜂蜜:1-2大匙', '無鹽奶油:4大匙', '有機蛋:3-4顆', '鮮奶:480g', '蜂蜜:2大匙', '無鹽奶油:4大匙', '有機蛋:4顆']"
430,"['豬肉 （豬小里肌肉或梅花肉）:320g', '洋蔥:145g', '馬鈴薯 2個:淨重約400g', '胡蘿蔔:150g', '市售咖哩塊  4小塊:約75g', '水:600ml']"
431,"['去骨坊仔雞腿肉:400g', '馬鈴薯:1顆', '紅蘿蔔:1根', '洋蔥:半顆', '蘋果:1顆', '牛頭牌咖哩塊(甘味):3顆', '番茄醬:2大匙', '清水:300cc', '鹽:1/2小匙']"
432,"['去骨雞腿:2-4隻', '蒜末:適量', '醬油,白胡椒粉:適量', '全蛋:一顆']"
433,"['美白菇:1包', '鴻喜菇:1包', '洋蔥:1/2顆', '青蔥:5∼6隻', '辣椒:1隻', '蒜末:1茶匙', '醬油:2茶匙', '醬油膏:1大匙', '糖:1茶匙']"
434,"['博客愛丁堡培根:2片', '馬鈴薯:1顆', '雞蛋:2顆', '黑胡椒?或?:少許', '巴西里(可省略):少許']"
435,"['雞胸肉 (依個人喜好換成豬肉或牛肉):1塊', '紅蘿蔔:3條', '馬鈴薯:2個', '洋蔥:3顆', '水:適量', '沙拉油:適量', '咖哩塊:1大塊']"
436,"['蝦米:適量', '香菇絲:適量', '絞肉:適量', '在來米:650g', '水:850', '水:適量', '高湯塊:適量', '豬油蔥:適量', '胡椒粉:適量', '芋頭簽:適量']"
437,"['牛小排肉片(用火鍋豬肉片亦可):300克', '馬鈴薯(小):2顆', '胡蘿蔔:1條', '洋蔥:1顆', '咖哩塊:約5小塊', '水:適量']"
438,"['雞腿肉(去骨有骨都可以):3塊', '米酒:1大匙', '醬油:3大匙', '白糖:1.5大匙']"
439,"['醬油:4-5大匙', '糖:1大匙', '味醂:1茶匙', '薄牛肉片:一份', '青江菜:7-8株', '金針菇:一包', '蛋:一顆', '洋蔥:半顆', '米飯:一碗']"
440,"['雞里肌肉:2盒', '杏鮑菇:3朵', '蒜頭:4顆', '青蔥:1根', '蠔油:4大匙', '醬油:少許', '醋:少許', '糖:少許', '米酒:1小匙', '辣椒:1條', '九層塔:1小包', '薑:1小條', '麻油:1匙']"
441,"['肉絲:一盒', '米酒:少許', '洋蔥:一顆', '金針菇:一包', '醬油:五匙', '糖:三匙', '太白粉:兩匙']"
442,"['通心麵:半包', '馬鈴薯:二顆', '培根:一包', '香菇:5朵', '玉米粒:少許', '牛奶:200cc', '玉米濃湯粉:100克', '水:300cc', '油:少許', '鹽:少許', '胡椒粉:少許', '乳酪絲:少許', '蒜頭:2顆', '綠花椰菜:4朵']"
443,"['通心麵:半包', '紅椒:1顆', '黃椒:2顆', '馬鈴薯:2顆', '綠花椰菜:4朵', '培根:1包', '香菇:5朵', '玉米粒:少許', '牛奶:200cc', '玉米濃湯粉:100克', '水:300cc', '油:少許', '鹽:少許', '胡椒粉:少許', '乳酪絲:少許', '蒜頭:2顆']"
444,"['白飯:2碗半', '老薑末:3大匙', '全蛋(大):2個(約130g)', '麻油:2大匙', '橄欖油:1大匙', '細海鹽:適量', '蔥or香菜末:2大匙']"
445,"['貢丸:10顆', '黑輪:5條', '百頁豆腐:2塊', '豆干:2塊', '海帶:6塊', '蒜頭:少許', '青蔥:3根', '茶葉:少許', '醬油:250cc', '八角:2朵', '糖:一大匙', '水:500cc']"
446,"['香菇:5朵', '秀珍菇:10朵', '牛肉片:2盒', '玉米筍:1盒', '小豆干:6塊', '空心菜:1把', '木耳:3片']"
447,"['白米:2 杯', '水:3 杯', '沙拉油:1~3 滴']"
448,"['高麗菜:半顆', '紅蘿蔔:少許', '小辣椒:一條(可改蒜頭)', '油:少許', '鹽:少許', '味精:少許', '水:少許']"
449,"['義大麵:1 包', '綠花椰菜:1 小顆', '杏鮑菇:1 條', '紅椒:1 顆', '黃椒:1 顆', '乳瑪琳:1 大匙', '芹菜:數條', '油:少許', '鹽:少許', '水:少許']"
450,"['泰國蝦:約700g', '啤酒:120ml', '蒜頭:45g', '橄欖油:1.5大匙', '無鹽奶油:10g', '海鹽:1/2小匙', '粗黑胡椒粉:1/2小匙']"
451,"['棒棒腿:10 支', '桔醬:1 大匙', '米酒:1/2 匙', '糖:1 大匙']"
452,"['白蝦:1斤(約30尾)', '米酒:少許(150cc)', '鹽巴:2公斤', '雞蛋:2個', '黑胡椒粉:少許']"
453,"['白米:4量杯', '馬鈴薯:2個', '蘋果:半顆', '鹽:少許', '咖哩塊:4-6塊', '香菇素湯精塊:1個', '奶油:2茶匙', '胡椒:少許', '綠花耶菜:1個', '紅蘿蔔:半顆', '沙拉油:2茶匙', '水:1700cc']"
454,['番薯:5']
455,"['雞胸肉丁:2片', '洋蔥:半顆', '紅蘿蔔:1條', '馬鈴薯:2顆', '蒜末:適量', '咖理塊:1/4盒', '鹽:1/4小匙', '糖:少許', '米酒:1大匙', '水:200CC']"
456,"['大草蝦:14隻 (廚師自己要先剝殼)', '杏鮑菇:一盒 (沖沖水切大塊)', '生香菇:一盒 (沖沖水切大塊)', '蒜片:五到六瓣 切片', '九層塔:適量 (切碎)', '檸檬:1/8顆', '鹽、黑胡椒:適量']"
457,"['豬絞肉:一盒', '九層塔(摘葉子就好):半包', '番茄(切一小口狀):半顆', '辣椒(切碎末):半根', '大蒜(切碎末):六到七瓣', '酒:一大匙', '醬油:兩大匙', '魚露:兩大匙', '糖:半匙', '檸檬汁:一大匙']"
458,"['白蝦:半斤', '蔥:適量', '蒜頭:適量', '米酒:適量', '啤酒:一支', '胡椒粉:適量', '鹽:適量']"
459,"['白飯:3碗', '小黃瓜:1根', '紅蘿蔔:1/2根', '新鮮透抽:1隻', '新鮮白蝦:9隻', '(調味料) 海苔芝麻香鬆:1茶匙', '(調味料) 味霖:2大匙', '市售海苔片:1小盒']"
460,"['文蛤:1 斤', '蒜頭（去皮拍開備用）:4 瓣', '辣椒（去籽切絲備用）:1 小條', '嫩薑（切片備用）:1 小塊', '清酒或米酒:2 杯', '青蔥（切絲備用）:2 根']"
461,"['吐司:2片', '蛋:2隻', '花生醬:適量', '糖漿:少許', '奶油:10g', '油:4湯匙']"
462,"['白飯:3碗', '雞蛋:3顆', '高麗菜:適量', '青蔥:2支', '醬油:一匙', '鹽巴:少許', '胡椒粉:少許']"
463,"['櫻花蝦:100g', '蒜末:1匙', '雞蛋:2粒', '蔥花:1匙', '香油:1大匙', '鹽:1~2小匙', '黑胡椒粉:1~2小匙']"
464,"['飯:1碗', '蛋:1顆', '蒜末,蔥末,鹽:適量', '醬油:適量']"
465,"['地瓜:120g', '糯米粉:100g']"
466,"['櫻花蝦:約半碗多', '蔥:1~2根', '大蒜:2~3瓣', '蛋:4顆', '白飯:4~碗', '鹽:適量', '胡椒:適量']"
467,"['新鮮蛤蜊，吐沙:500g', '蒜頭，切片:3粒', '青蔥:2支', '奶油:25g', '清酒:2碗']"
